mature_mirna_id,database,target_ensembl,target_symbol,X3utr,Sequence,seed_sequence_normal,seed_sequence_mutated,pos.mut,disruption_prob_6mer,disruption_prob_7mer_m8,disruption_prob_7mer_A1,disruption_prob_8mer,collective_normal_score,collective_mutated_score,collective_disruption_probability,normal_binding_count_6mer,normal_binding_count_7mer_m8,normal_binding_count_7mer_A1,normal_binding_count_8mer,mutated_binding_count_6mer,mutated_binding_count_7mer_m8,mutated_binding_count_7mer_A1,mutated_binding_count_8mer,total_normal_binding_counts,total_mutated_binding_counts
mmu-let-7c-5p,miranda,ENSMUSG00000034690,Nlrp4c,GGCAGAAGCAGAAAACAAAGGTGGATGTTCTGCTGCAAGAAACATGGCTGTGTTCTGACCTCAAACTACCTCC,TGAGGTAGTAGGTTGTATGGTT,TGAGGGAG,TGAGGTAG,"6:G>T,22:A>T",0.999965535434423,0.999966042249058,0.0,0.0,0,0.0584616662316399,0.49998289442087,0,0,0,0,1,1,0,0,0,2
mmu-let-7c-5p,miranda,ENSMUSG00000034690,Nlrp4c,GGCAGAAGCAGAAAACAAAGGTGGATGTTCTGCTGCAAGAAACATGGCTGTGTTCTGACCTCAAACTACCTCC,TGAGGTAGTAGGTTGTATGGTT,TGAGGGAG,TGAGGTAG,"6:G>T,22:A>T",0.999965535434423,0.999966042249058,0.0,0.0,0,0.0584616662316399,0.49998289442087,0,0,0,0,1,1,0,0,0,2
mmu-let-7c-5p,diana_microt,ENSMUSG00000034690,Nlrp4c,GGCAGAAGCAGAAAACAAAGGTGGATGTTCTGCTGCAAGAAACATGGCTGTGTTCTGACCTCAAACTACCTCC,TGAGGTAGTAGGTTGTATGGTT,TGAGGGAG,TGAGGTAG,"6:G>T,22:A>T",0.999965535434423,0.999966042249058,0.0,0.0,0,0.0584616662316399,0.49998289442087,0,0,0,0,1,1,0,0,0,2
mmu-miR-122-5p,mirdb,ENSMUSG00000021007,Spata7,CCTCTGGATCTACATTAATAAACACTCCATGTGGCCAGTAACTCAATATTACTTTTCTTCTTTTTTTTTGTCCCCTTTTACATATTAAGATTTCTGTAATTTCAATGCTATGTAATAAATTACCACAATTTTAGTGTCTTG,TGGAGTGTGACAATGGTGTTTG,TGGAGGGT,TGGAGTGT,6:G>T,0.999931522419997,0.999932025897388,0.0,0.999932529375287,0,0.0441330698069992,0.749949019423168,0,0,0,0,1,1,0,1,0,3
mmu-miR-122-5p,diana_microt,ENSMUSG00000021007,Spata7,CCTCTGGATCTACATTAATAAACACTCCATGTGGCCAGTAACTCAATATTACTTTTCTTCTTTTTTTTTGTCCCCTTTTACATATTAAGATTTCTGTAATTTCAATGCTATGTAATAAATTACCACAATTTTAGTGTCTTG,TGGAGTGTGACAATGGTGTTTG,TGGAGGGT,TGGAGTGT,6:G>T,0.999931522419997,0.999932025897388,0.0,0.999932529375287,0,0.0441330698069992,0.749949019423168,0,0,0,0,1,1,0,1,0,3
mmu-miR-122-5p,miranda,ENSMUSG00000021007,Spata7,CCTCTGGATCTACATTAATAAACACTCCATGTGGCCAGTAACTCAATATTACTTTTCTTCTTTTTTTTTGTCCCCTTTTACATATTAAGATTTCTGTAATTTCAATGCTATGTAATAAATTACCACAATTTTAGTGTCTTG,TGGAGTGTGACAATGGTGTTTG,TGGAGGGT,TGGAGTGT,6:G>T,0.999931522419997,0.999932025897388,0.0,0.999932529375287,0,0.0441330698069992,0.749949019423168,0,0,0,0,1,1,0,1,0,3
mmu-miR-122-5p,diana_microt,ENSMUSG00000004328,Hif3a,GTCAGCCTTCCTCTCAGCCCTCTTCTTCTATCCCAGAAAGGACTCAGCCACACTCCACACCAGCAGCCTACACCCAGGATGGGGCCTCTCTCCTCTGAGTGTGCCCCCCCCAGCCAGCCACAGTCCTACCTCAG,TGGAGTGTGACAATGGTGTTTG,TGGAGGGT,TGGAGTGT,6:G>T,0.999935022879017,0.999935526545154,0.0,0.999936030211799,0,0.0465296711134622,0.749951644908992,0,0,0,0,1,1,0,1,0,3
mmu-miR-133a-3p,diana_microt,ENSMUSG00000024889,Rce1,AGCCAGAGCTAGTTGAATCCCAGGGACCAAGAGAAAGG,TTTGGTCCCCTTCAACCAGCTG,CGTGGTCC,TTTGGTCC,"1:C>T,2:G>T",0.999983066076236,0.999983579217015,0.0,0.0,0,0.119949494949495,0.499991661323313,0,0,0,0,1,1,0,0,0,2
mmu-miR-133a-3p,diana_microt,ENSMUSG00000049511,Htr1b,CTTGTCAATGGCAGTGGGGTCGCCTAAGCGACCTTTGGGGACCAAGTTG,TTTGGTCCCCTTCAACCAGCTG,CGTGGTCC,TTTGGTCC,"1:C>T,2:G>T",0.999977551524354,0.999978061705789,0.0,0.0,0,0.0901268498942918,0.499988903307536,0,0,0,0,1,1,0,0,0,2
mmu-miR-133a-3p,miranda,ENSMUSG00000044647,Csrnp3,TTGCTTAAATTATTCTATTACAGGACCAAG,TTTGGTCCCCTTCAACCAGCTG,CGTGGTCC,TTTGGTCC,"1:C>T,2:G>T",0.999987083500171,0.999987600153758,0.0,0.0,0,0.158064516129032,0.499993670913482,0,0,0,0,1,1,0,0,0,2
mmu-miR-1a-3p,targetscan,ENSMUSG00000071657,Bscl2,ACAAAGGGTGAATTCCTCACATTCCAGCGCTTTCCCATCATACACCTTTTCCCTTGCTCCCTTAATAAACTATTTTGTGGC,TGGAATGTAAAGAAGTATGTAT,TGGAAGGT,TGGAATGT,"6:G>T,20:C>T",0.999961532344015,0.999962038478169,0.0,0.999962544612835,0,0.0790337577628977,0.749971528858755,0,0,0,0,1,1,0,1,0,3
mmu-miR-1a-3p,diana_microt,ENSMUSG00000071657,Bscl2,ACAAAGGGTGAATTCCTCACATTCCAGCGCTTTCCCATCATACACCTTTTCCCTTGCTCCCTTAATAAACTATTTTGTGGC,TGGAATGTAAAGAAGTATGTAT,TGGAAGGT,TGGAATGT,"6:G>T,20:C>T",0.999961532344015,0.999962038478169,0.0,0.999962544612835,0,0.0790337577628977,0.749971528858755,0,0,0,0,1,1,0,1,0,3
mmu-miR-1a-3p,diana_microt,ENSMUSG00000055838,Olfr357,CTCTTTTGTATAGCTCAAACATTAAACAACATTCCATATCTTACTAAGAAAATCATTTTGCCCTTCACTAATCCGTTTCC,TGGAATGTAAAGAAGTATGTAT,TGGAAGGT,TGGAATGT,"6:G>T,20:C>T",0.999962032691571,0.999962538903386,0.0,0.999963045115714,0,0.0800898310791766,0.749971904177668,0,0,0,0,1,1,0,1,0,3
mmu-miR-1a-3p,miranda,ENSMUSG00000071657,Bscl2,ACAAAGGGTGAATTCCTCACATTCCAGCGCTTTCCCATCATACACCTTTTCCCTTGCTCCCTTAATAAACTATTTTGTGGC,TGGAATGTAAAGAAGTATGTAT,TGGAAGGT,TGGAATGT,"6:G>T,20:C>T",0.999961532344015,0.999962038478169,0.0,0.999962544612835,0,0.0790337577628977,0.749971528858755,0,0,0,0,1,1,0,1,0,3
mmu-miR-24-3p,miranda,ENSMUSG00000040464,Gtpbp10,GCATCTTAGACTGAGCCAC,TGGCTCAGTTCAGCAGGAACAG,TGGCGCAG,TGGCTCAG,5:G>T,0.999992631633241,0.999993157941551,0.0,0.0,0,0.281868131868132,0.499996447393698,0,0,0,0,1,1,0,0,0,2
mmu-miR-24-3p,miranda,ENSMUSG00000059900,Tmem40,GATCACTGCCTGACAGCAGCTGAGCCAGTCCC,TGGCTCAGTTCAGCAGGAACAG,TGGCGCAG,TGGCTCAG,5:G>T,0.999986078318816,0.999986593929725,0.0,0.0,0,0.146421479754813,0.499993168062135,0,0,0,0,1,1,0,0,0,2
mmu-miR-24-3p,miranda,ENSMUSG00000059900,Tmem40,GATCACTGCCTGACAGCAGCTGAGCCAGTCCCCAATGTGACCACTGTAACCACTGCCATGCCTGAGCCCAGAAGACAGAACGACGCGCTGGAAG,TGGCTCAGTTCAGCAGGAACAG,TGGCGCAG,TGGCTCAG,5:G>T,0.999977513803513,0.999977766451788,0.0,0.0,0,0.0894468039352723,0.499988820063825,0,0,0,0,2,2,0,0,0,4
mmu-miR-7238-3p,mirdb,ENSMUSG00000027763,Mbnl1,AGCTGTCGTCACAAAACAATCATACAAAGAGGAAAGGACAGTGTGCTTGATTAGAGTAAGGACGACGTCATTAGCCATATTGTATATACCGTCAAGCAACACATACAAAAATCCCTCAGCCACAAGACATCCACATATTGCATGTTAACCAGAAGAAACGACAACATGGGAACCTGCTGCACACTGTTGCCTACACACTTTGTACATTCAGTTGGTATTTGTGCTGAGGTGATATTCCTATCTAAAACAACAACATTGTCTTTCTTTTGTAGCACAGAGTTATGCATTAAAATATGCATACGTAATTAGTTTCCTATATATTCATGCCATCTTGAAAAGACAGACTATGGTGTGACCATGATTCTATTATGTATTGGTACGTCTGTAGACCAAGATATAATTTTTTAAAAATAAGTTTATTTCTTTCAAGGTTT,CTGTCCTTTGTGTTC,CTGTCCGT,CTGTCCTT,"7:G>T,14:C>T",0.999785051972956,0.999785552909861,0.999785552909861,0.999786053847267,0,0.0186486705170369,0.999785552909986,0,0,0,0,1,1,1,1,0,4
mmu-miR-7238-3p,mirdb,ENSMUSG00000027763,Mbnl1,AGCTGTCGTCACAAAACAATCATACAAAGAGGAAAGGACAGTGTGCTTGATTAGAGTAAGGACGACGTCATTAGCCATATTGTATATACCGTCAAGCAACACATACAAAAATCCCTCAGCCACAAGACATCCACATATTGCATGTTAACCAGAAGAAACGACAACATGGGAACCTGCTGCACACTGTTGCCTACACACTTTGTACATTCAGTTGGTATTTGTGCTGAGGTGATATTCCTATCTAAAACAACAACATTGTCTTTCTTTTGTAGCACAGAGTTATGCATTAAAATATGCATACGTAATTAGTTTCCTATATATTCATGCCATCTTGAAAAGACAGACTATGGTGTGACCATGATTCTATTATGTATTGGTACGTCTGTAGACCAAGATATAATTTTTTAAAAATAAGTTTATTTCTTTCAAGGTTT,CTGTCCTTTGTGTTC,CTGTCCGT,CTGTCCTT,"7:G>T,14:C>T",0.999785051972956,0.999785552909861,0.999785552909861,0.999786053847267,0,0.0186486705170369,0.999785552909986,0,0,0,0,1,1,1,1,0,4
mmu-miR-7238-3p,mirdb,ENSMUSG00000027763,Mbnl1,AGCTGTCGTCACAAAACAATCATACAAAGAGGAAAGGACAGTGTGCTTGATTAGAGTAAGGACGACGTCATTAGCCATATTGTATATACCGTCAAGCAACACATACAAAAATCCCTCAGCCACAAGACATCCACATATTGCATGTTAACCAGAAGAAACGACAACATGGGAACCTGCTGCACACTGTTGCCTACACACTTTGTACATTCAGTTGGTATTTGTGCTGAGGTGATATTCCTATCTAAAACAACAACATTGTCTTTCTTTTGTAGCACAGAGTTATGCATTAAAATATGCATACGTAATTAGTTTCCTATATATTCATGCCATCTTGAAAAGACAGACTATGGTGTGACCATGATTCTATTATGTATTGGTACGTCTGTAGACCAAGATATAATTTTTTAAAAATAAGTTTATTTCTTTCAAGGTTT,CTGTCCTTTGTGTTC,CTGTCCGT,CTGTCCTT,"7:G>T,14:C>T",0.999785051972956,0.999785552909861,0.999785552909861,0.999786053847267,0,0.0186486705170369,0.999785552909986,0,0,0,0,1,1,1,1,0,4
