mature_mirna_id,database,target_ensembl,pubmed_id,experiment,target_symbol,X3utr,Sequence,seed_sequence_normal,seed_sequence_mutated,pos.mut,disruption_prob_6mer,disruption_prob_7mer_m8,disruption_prob_7mer_A1,disruption_prob_8mer,collective_normal_score,collective_mutated_score,collective_disruption_probability,normal_binding_count_6mer,normal_binding_count_7mer_m8,normal_binding_count_7mer_A1,normal_binding_count_8mer,mutated_binding_count_6mer,mutated_binding_count_7mer_m8,mutated_binding_count_7mer_A1,mutated_binding_count_8mer,total_normal_binding_counts,total_mutated_binding_counts
mmu-let-7c-5p,tarbase,ENSMUSG00000031844,NA,Degradome sequencing//Degradome sequencing,Hsd17b2,AAGCACAAGGCCCCAGTGGGGTGGGGAATGTCACATTCTTAAGATGAAAGCAAAACCTCTTATTAAACTAATTTTCTACCTC,TGAGGTAGTAGGTTGTATGGTT,TGAGGGAG,TGAGGTAG,"6:G>T,22:A>T",0.999961032006369,0.999961538064743,0,0,0,0.0516598176712317,0.499980642517778,0,0,0,0,1,1,0,0,0,2
mmu-let-7c-5p,tarbase,ENSMUSG00000026409,NA,Degradome sequencing//Degradome sequencing//Degradome sequencing,Pfkfb2,AACTTATGTGTCTAAGAAACTAACACGCTACCTCAACTGGATTGGAGTACCCACCAAAGTGTTTAATCTTGGGGTATATCGACGT,TGAGGTAGTAGGTTGTATGGTT,TGAGGGAG,TGAGGTAG,"6:G>T,22:A>T",0.999959531049567,0.999960036891231,0,0,0,0.0497313806299676,0.4999798919852,0,0,0,0,1,1,0,0,0,2
mmu-let-7c-5p,tarbase,ENSMUSG00000025507,NA,Degradome sequencing,Pidd1,GCTTACAGACTTAATTAAGATAGCTTTAAACTTGACTCGACCAGTGGGCAGAGCCCTATCCTTCTACCTCACCC,TGAGGTAGTAGGTTGTATGGTT,TGAGGGAG,TGAGGTAG,"6:G>T,22:A>T",0.999965035006377,0.999965541727954,0,0,0,0.0576186416595624,0.499982644183583,0,0,0,0,1,1,0,0,0,2
mmu-miR-122-5p,tarbase,ENSMUSG00000049728,NA,Degradome sequencing//Degradome sequencing,Zfp668,CGTCTATAGATCTCCACTACACTCCAGAAGCCCATCCCTAGTCTCCAAAGCCCTGCCTCTGGGCAACTCGCTCAACTCTTGTCCACTATTAGCTGTGGGCAGTGGAGGCAGATAGCACTTCTGAGGGAGACTCATTAAAGCATTGGCTTTGCTACCAA,TGGAGTGTGACAATGGTGTTTG,TGGAGGGT,TGGAGTGT,6:G>T,0.999923021748892,0.99992352483624,0,0.999924027924094,0,0.0392265539454925,0.749942643627306,0,0,0,0,1,1,0,1,0,3
mmu-miR-122-5p,tarbase,ENSMUSG00000010051,NA,Degradome sequencing//Degradome sequencing//Degradome sequencing,Hyal1,TGATTAGCTGCACCCAACTGCACACACTGAACACCTGACATACCCAGGGCCTACCTAGGACTTCCTCAAATACAGTCACATGCCCATAAGTCACAGGAGTACACTCCACCACTGACATGGCCACAGGCACATAGGCACAGTCACGGGA,TGGAGTGTGACAATGGTGTTTG,TGGAGGGT,TGGAGTGT,6:G>T,0.999928022073087,0.999928525379257,0,0.999929028685934,0,0.0419713281364123,0.749946394034569,0,0,0,0,1,1,0,1,0,3
mmu-miR-122-5p,tarbase,ENSMUSG00000057982,NA,Degradome sequencing//Degradome sequencing,Zfp809,GATTTCAAAGACTGGAACTATCCCCAGTGTGTTCTCTGCCTTTATGTGGATCATCATCATTGAATGAACCTGTTGCTGCTACCATGCTTTGCTCTGCCGTCCTGGACTCTAACCCTCTGAACCGTAAGGCTAAATAAACACTCCATTTTTTTTATAA,TGGAGTGTGACAATGGTGTTTG,TGGAGGGT,TGGAGTGT,6:G>T,0.999923521772934,0.999924024880938,0,0.999924527989448,0,0.0394847658588167,0.74994301866083,0,0,0,0,1,1,0,1,0,3
mmu-miR-133a-3p,tarbase,ENSMUSG00000024889,NA,Degradome sequencing,Rce1,AGCCAGAGCTAGTTGAATCCCAGGGACCAAGAGAAAGG,TTTGGTCCCCTTCAACCAGCTG,CGTGGTCC,TTTGGTCC,"1:C>T,2:G>T",0.999983066076236,0.999983579217015,0,0,0,0.119949494949495,0.499991661323313,0,0,0,0,1,1,0,0,0,2
mmu-miR-133a-3p,tarbase,ENSMUSG00000024422,NA,Degradome sequencing,Dhx16,AGAGTGACATGGACCAAACCTTGCAGCTCTTTTTTCCTTCCATACTTTAATATCTAGTAAATAAAATTATTTTTGGAATGAAGTGCATGGGAACTCTGGAACCCAGAGAAAGTGACGTGAAAA,TTTGGTCCCCTTCAACCAGCTG,CGTGGTCC,TTTGGTCC,"1:C>T,2:G>T",0.999940523862825,0.999941027868161,0,0,0,0.0337686279457739,0.499970387932746,0,0,0,0,1,1,0,0,0,2
mmu-miR-133a-3p,tarbase,ENSMUSG00000024422,NA,Degradome sequencing,Dhx16,AGAGTGACATGGACCAAACCTTGCAGCTCTTTTTTCCTTCCATACTTTAATATCTAGTAAATAAAATTATTTTTGGAATGAAGTGCATGGGAACTCTGGAACCCAGAGAAAGTGACGTG,TTTGGTCCCCTTCAACCAGCTG,CGTGGTCC,TTTGGTCC,"1:C>T,2:G>T",0.999942524312048,0.999943028456026,0,0,0,0.0349492832375925,0.499971388192018,0,0,0,0,1,1,0,0,0,2
mmu-miR-1a-3p,tarbase,ENSMUSG00000071657,NA,Degradome sequencing//Degradome sequencing//Degradome sequencing//Degradome sequencing//Degradome sequencing//Degradome sequencing//Degradome sequencing//Degrad,Bscl2,ACAAAGGGTGAATTCCTCACATTCCAGCGCTTTCCCATCATACACCTTTTCCCTTGCTCCCTTAATAAACTATTTTGTGGCA,TGGAATGTAAAGAAGTATGTAT,TGGAAGGT,TGGAATGT,"6:G>T,20:C>T",0.999961032006369,0.999961538064743,0,0.99996204412363,0,0.0780051991973362,0.749971153548685,0,0,0,0,1,1,0,1,0,3
mmu-miR-1a-3p,tarbase,ENSMUSG00000071657,NA,Degradome sequencing//Degradome sequencing//Degradome sequencing//Degradome sequencing//Degradome sequencing//Degradome sequencing//Degradome sequencing//Degrad,Bscl2,ACAAAGGGTGAATTCCTCACATTCCAGCGCTTTCCCATCATACACCTTTTCCCTTGCTCCCTTAATAAACTATTTTGTGGCAGCTGCTTGTGTGGACA,TGGAATGTAAAGAAGTATGTAT,TGGAAGGT,TGGAATGT,"6:G>T,20:C>T",0.999953027716703,0.999953532771549,0,0.999954037826904,0,0.0645637153351038,0.749965149578789,0,0,0,0,1,1,0,1,0,3
mmu-miR-1a-3p,tarbase,ENSMUSG00000071657,NA,Degradome sequencing//Degradome sequencing//Degradome sequencing//Degradome sequencing//Degradome sequencing//Degradome sequencing//Degradome sequencing//Degrad,Bscl2,ACAAAGGGTGAATTCCTCACATTCCAGCGCTTTCCCATCATACACCTTTTCCCTTGCTCCCTTAATAAACTATTTTGTGGC,TGGAATGTAAAGAAGTATGTAT,TGGAAGGT,TGGAATGT,"6:G>T,20:C>T",0.999961532344015,0.999962038478169,0,0.999962544612835,0,0.0790337577628977,0.749971528858755,0,0,0,0,1,1,0,1,0,3
mmu-miR-24-3p,tarbase,ENSMUSG00000037926,NA,Degradome sequencing,Ssh2,TCCTGAGCCCACACACGTGATTTTCTAAGAAAATGTTTGTT,TGGCTCAGTTCAGCAGGAACAG,TGGCGCAG,TGGCTCAG,5:G>T,0.999981561315601,0.999982073492097,0,0,0,0.110015117157974,0.499990908701925,0,0,0,0,1,1,0,0,0,2
mmu-miR-24-3p,tarbase,ENSMUSG00000024309,NA,Degradome sequencing,Pfdn6,CCCCGTGGGAGGGGGTCAGGAGGGAGGGATGAGGCTAACCCTGAGCCAATAAAATGTAAACAGAA,TGGCTCAGTTCAGCAGGAACAG,TGGCGCAG,TGGCTCAG,5:G>T,0.999969539389415,0.999970047051052,0,0,0,0.0662129772299264,0.499984896610117,0,0,0,0,1,1,0,0,0,2
mmu-miR-24-3p,tarbase,ENSMUSG00000036199,NA,Degradome sequencing,Ndufa13,GGCCTGAGCCAACGCACATAATAAAGAGTGGTCAAATAAAA,TGGCTCAGTTCAGCAGGAACAG,TGGCGCAG,TGGCTCAG,5:G>T,0.999981561315601,0.999982073492097,0,0,0,0.110015117157974,0.499990908701925,0,0,0,0,1,1,0,0,0,2
