,mature_mirna_id,pos.mut,database,target_ensembl,target_symbol,seed_sequence_normal,seed_sequence_mutated,binding_score_normal_6mer,binding_score_normal_7mer_m8,binding_score_normal_7mer_A1,binding_score_normal_8mer,total_binding_counts_normal
85,mmu-miR-133a-3p,"1:C>T,2:G>T",diana_microt,ENSMUSG00000033705,Stard9,CGTGGTCC,TTTGGTCC,9,2,0,0,11
86,mmu-miR-133a-3p,"1:C>T,2:G>T",diana_microt,ENSMUSG00000018909,Arrb1,CGTGGTCC,TTTGGTCC,5,2,0,0,7
87,mmu-miR-133a-3p,"1:C>T,2:G>T",mirdb,ENSMUSG00000018909,Arrb1,CGTGGTCC,TTTGGTCC,5,2,0,0,7
88,mmu-miR-133a-3p,"1:C>T,2:G>T",mirdb,ENSMUSG00000018909,Arrb1,CGTGGTCC,TTTGGTCC,5,2,0,0,7
89,mmu-miR-133a-3p,"1:C>T,2:G>T",diana_microt,ENSMUSG00000037605,Lphn3,CGTGGTCC,TTTGGTCC,5,2,0,0,7
100,mmu-miR-7238-3p,"7:G>T,14:C>T",mirdb,ENSMUSG00000023033,Scn8a,CTGTCCGT,CTGTCCTT,3,1,0,0,4
101,mmu-miR-7238-3p,"7:G>T,14:C>T",mirdb,ENSMUSG00000023033,Scn8a,CTGTCCGT,CTGTCCTT,3,1,0,0,4
102,mmu-miR-7238-3p,"7:G>T,14:C>T",mirdb,ENSMUSG00000023033,Scn8a,CTGTCCGT,CTGTCCTT,3,1,0,0,4
103,mmu-miR-7238-3p,"7:G>T,14:C>T",mirdb,ENSMUSG00000023033,Scn8a,CTGTCCGT,CTGTCCTT,3,1,0,0,4
104,mmu-miR-7238-3p,"7:G>T,14:C>T",mirdb,ENSMUSG00000025178,Pi4k2a,CTGTCCGT,CTGTCCTT,2,1,0,0,3
205,mmu-let-7c-5p,"6:G>T,22:A>T",diana_microt,ENSMUSG00000003847,Nfat5,TGAGGGAG,TGAGGTAG,18,11,0,0,29
206,mmu-let-7c-5p,"6:G>T,22:A>T",targetscan,ENSMUSG00000042523,Dnal1,TGAGGGAG,TGAGGTAG,14,12,1,0,27
207,mmu-let-7c-5p,"6:G>T,22:A>T",diana_microt,ENSMUSG00000003847,Nfat5,TGAGGGAG,TGAGGTAG,17,10,0,0,27
208,mmu-let-7c-5p,"6:G>T,22:A>T",targetscan,ENSMUSG00000042523,Dnal1,TGAGGGAG,TGAGGTAG,12,12,0,0,24
209,mmu-let-7c-5p,"6:G>T,22:A>T",diana_microt,ENSMUSG00000041779,Tram2,TGAGGGAG,TGAGGTAG,13,8,2,1,24
220,mmu-miR-1a-3p,"6:G>T,20:C>T",mirdb,ENSMUSG00000053007,Creb5,TGGAAGGT,TGGAATGT,10,2,3,1,16
221,mmu-miR-1a-3p,"6:G>T,20:C>T",mirdb,ENSMUSG00000053007,Creb5,TGGAAGGT,TGGAATGT,10,2,3,1,16
222,mmu-miR-1a-3p,"6:G>T,20:C>T",targetscan,ENSMUSG00000053007,Creb5,TGGAAGGT,TGGAATGT,10,2,3,1,16
223,mmu-miR-1a-3p,"6:G>T,20:C>T",targetscan,ENSMUSG00000053007,Creb5,TGGAAGGT,TGGAATGT,10,2,3,1,16
224,mmu-miR-1a-3p,"6:G>T,20:C>T",diana_microt,ENSMUSG00000003847,Nfat5,TGGAAGGT,TGGAATGT,11,1,2,1,15
235,mmu-miR-122-5p,6:G>T,diana_microt,ENSMUSG00000024050,Wiz,TGGAGGGT,TGGAGTGT,10,3,2,1,16
236,mmu-miR-122-5p,6:G>T,diana_microt,ENSMUSG00000001910,Nacc1,TGGAGGGT,TGGAGTGT,13,1,1,0,15
237,mmu-miR-122-5p,6:G>T,miranda,ENSMUSG00000030067,Foxp1,TGGAGGGT,TGGAGTGT,9,2,3,1,15
238,mmu-miR-122-5p,6:G>T,miranda,ENSMUSG00000030067,Foxp1,TGGAGGGT,TGGAGTGT,9,2,3,1,15
239,mmu-miR-122-5p,6:G>T,diana_microt,ENSMUSG00000033209,Ttc28,TGGAGGGT,TGGAGTGT,13,1,0,0,14
265,mmu-miR-24-3p,5:G>T,diana_microt,ENSMUSG00000024050,Wiz,TGGCGCAG,TGGCTCAG,2,2,2,2,8
266,mmu-miR-24-3p,5:G>T,diana_microt,ENSMUSG00000024050,Wiz,TGGCGCAG,TGGCTCAG,2,2,2,2,8
267,mmu-miR-24-3p,5:G>T,diana_microt,ENSMUSG00000068551,Zfp467,TGGCGCAG,TGGCTCAG,4,2,1,0,7
268,mmu-miR-24-3p,5:G>T,diana_microt,ENSMUSG00000068551,Zfp467,TGGCGCAG,TGGCTCAG,4,2,1,0,7
269,mmu-miR-24-3p,5:G>T,diana_microt,ENSMUSG00000068551,Zfp467,TGGCGCAG,TGGCTCAG,4,2,1,0,7
