"mature_mirna_id","pos.mut","database","target_ensembl","target_symbol","seed_sequence_normal","seed_sequence_mutated","binding_score_normal_6mer","binding_score_normal_7mer_m8","binding_score_normal_7mer_A1","binding_score_normal_8mer","total_binding_counts_normal"
"mmu-miR-5624-5p","1:A>T,7:G>A","diana_microt","ENSMUSG00000060487","Samd5","AATTGTGA","TATTGTAA",7,4,0,0,11
"mmu-miR-5624-5p","1:A>T,7:G>A","diana_microt","ENSMUSG00000055296","Tmem245","AATTGTGA","TATTGTAA",6,3,0,0,9
"mmu-miR-5624-5p","1:A>T,7:G>A","diana_microt","ENSMUSG00000002107","Celf2","AATTGTGA","TATTGTAA",6,3,0,0,9
"mmu-miR-5624-5p","1:A>T,7:G>A","diana_microt","ENSMUSG00000002107","Celf2","AATTGTGA","TATTGTAA",6,3,0,0,9
"mmu-miR-5624-5p","1:A>T,7:G>A","diana_microt","ENSMUSG00000002107","Celf2","AATTGTGA","TATTGTAA",6,3,0,0,9
"mmu-miR-126a-3p","1:A>T,5:G>A","miranda","ENSMUSG00000024525","Impa2","ACGTGCCG","TCGTACCG",1,0,0,0,1
"mmu-miR-126a-3p","1:A>T,5:G>A","diana_microt","ENSMUSG00000040659","Efhd2","ACGTGCCG","TCGTACCG",1,0,0,0,1
"mmu-miR-126a-3p","1:A>T,5:G>A","mirdb","ENSMUSG00000026933","Camsap1","ACGTGCCG","TCGTACCG",1,0,0,0,1
"mmu-miR-126a-3p","1:A>T,5:G>A","diana_microt","ENSMUSG00000039059","Hrh3","ACGTGCCG","TCGTACCG",1,0,0,0,1
"mmu-miR-126a-3p","1:A>T,5:G>A","diana_microt","ENSMUSG00000026933","Camsap1","ACGTGCCG","TCGTACCG",1,0,0,0,1
"mmu-miR-378a-3p","6:G>A","diana_microt","ENSMUSG00000038611","Phrf1","ACTGGGCT","ACTGGACT",9,3,0,0,12
"mmu-miR-378a-3p","6:G>A","diana_microt","ENSMUSG00000022708","Zbtb20","ACTGGGCT","ACTGGACT",8,3,0,0,11
"mmu-miR-378a-3p","6:G>A","diana_microt","ENSMUSG00000032384","Csnk1g1","ACTGGGCT","ACTGGACT",5,5,0,0,10
"mmu-miR-378a-3p","6:G>A","diana_microt","ENSMUSG00000032384","Csnk1g1","ACTGGGCT","ACTGGACT",5,5,0,0,10
"mmu-miR-378a-3p","6:G>A","diana_microt","ENSMUSG00000026380","Tfcp2l1","ACTGGGCT","ACTGGACT",7,2,0,0,9
"mmu-miR-706","7:G>A,17:G>A","diana_microt","ENSMUSG00000022708","Zbtb20","AGAGAAGC","AGAGAAAC",15,6,0,0,21
"mmu-miR-706","7:G>A,17:G>A","diana_microt","ENSMUSG00000019803","Nr2e1","AGAGAAGC","AGAGAAAC",18,0,0,0,18
"mmu-miR-706","7:G>A,17:G>A","diana_microt","ENSMUSG00000017493","Igfbp4","AGAGAAGC","AGAGAAAC",18,0,0,0,18
"mmu-miR-706","7:G>A,17:G>A","mirdb","ENSMUSG00000057230","Aak1","AGAGAAGC","AGAGAAAC",10,3,0,0,13
"mmu-miR-706","7:G>A,17:G>A","diana_microt","ENSMUSG00000057230","Aak1","AGAGAAGC","AGAGAAAC",10,3,0,0,13
"mmu-let-7d-5p","7:G>A,13:C>T","targetscan","ENSMUSG00000051413","Plagl2","AGAGGTGG","AGAGGTAG",10,4,0,0,14
"mmu-let-7d-5p","7:G>A,13:C>T","targetscan","ENSMUSG00000051413","Plagl2","AGAGGTGG","AGAGGTAG",10,4,0,0,14
"mmu-let-7d-5p","7:G>A,13:C>T","diana_microt","ENSMUSG00000031442","Mcf2l","AGAGGTGG","AGAGGTAG",7,6,0,0,13
"mmu-let-7d-5p","7:G>A,13:C>T","diana_microt","ENSMUSG00000025427","Rnf165","AGAGGTGG","AGAGGTAG",5,4,0,0,9
"mmu-let-7d-5p","7:G>A,13:C>T","diana_microt","ENSMUSG00000052557","Gan","AGAGGTGG","AGAGGTAG",6,2,0,0,8
"mmu-miR-103-3p","6:G>C,23:T>A","diana_microt","ENSMUSG00000009418","Nav1","AGCAGGAT","AGCAGCAT",11,10,0,0,21
"mmu-miR-103-3p","6:G>C,23:T>A","diana_microt","ENSMUSG00000055296","Tmem245","AGCAGGAT","AGCAGCAT",10,2,0,0,12
"mmu-miR-103-3p","6:G>C,23:T>A","diana_microt","ENSMUSG00000003847","Nfat5","AGCAGGAT","AGCAGCAT",8,3,0,0,11
"mmu-miR-103-3p","6:G>C,23:T>A","diana_microt","ENSMUSG00000003847","Nfat5","AGCAGGAT","AGCAGCAT",7,3,0,0,10
"mmu-miR-103-3p","6:G>C,23:T>A","diana_microt","ENSMUSG00000054414","Slc30a7","AGCAGGAT","AGCAGCAT",7,3,0,0,10
"mmu-let-7d-5p","3:G>A,4:A>G","diana_microt","ENSMUSG00000021578","Ccdc127","AGGAGTAG","AGAGGTAG",3,2,0,0,5
"mmu-let-7d-5p","3:G>A,4:A>G","miranda","ENSMUSG00000029670","Ing3","AGGAGTAG","AGAGGTAG",4,1,0,0,5
"mmu-let-7d-5p","3:G>A,4:A>G","targetscan","ENSMUSG00000006362","Cbfa2t3","AGGAGTAG","AGAGGTAG",4,1,0,0,5
"mmu-let-7d-5p","3:G>A,4:A>G","diana_microt","ENSMUSG00000004317","Clcn5","AGGAGTAG","AGAGGTAG",3,2,0,0,5
"mmu-let-7d-5p","3:G>A,4:A>G","diana_microt","ENSMUSG00000001082","Mfsd10","AGGAGTAG","AGAGGTAG",3,2,0,0,5
"mmu-miR-22-3p","2:G>A","diana_microt","ENSMUSG00000089945","Gm20459","AGGCTGCC","AAGCTGCC",7,4,0,0,11
"mmu-miR-22-3p","2:G>A","diana_microt","ENSMUSG00000052928","Ctif","AGGCTGCC","AAGCTGCC",7,4,0,0,11
"mmu-miR-22-3p","2:G>A","mirdb","ENSMUSG00000038957","Edc3","AGGCTGCC","AAGCTGCC",6,4,0,0,10
"mmu-miR-22-3p","2:G>A","diana_microt","ENSMUSG00000038957","Edc3","AGGCTGCC","AAGCTGCC",6,4,0,0,10
"mmu-miR-22-3p","2:G>A","targetscan","ENSMUSG00000038957","Edc3","AGGCTGCC","AAGCTGCC",6,4,0,0,10
"mmu-miR-22-3p","2:G>A,8:T>C","diana_microt","ENSMUSG00000026427","Eif2d","AGGCTGCT","AAGCTGCC",8,8,0,0,16
"mmu-miR-22-3p","2:G>A,8:T>C","diana_microt","ENSMUSG00000026427","Eif2d","AGGCTGCT","AAGCTGCC",8,8,0,0,16
"mmu-miR-22-3p","2:G>A,8:T>C","diana_microt","ENSMUSG00000025404","R3hdm2","AGGCTGCT","AAGCTGCC",9,5,0,0,14
"mmu-miR-22-3p","2:G>A,8:T>C","diana_microt","ENSMUSG00000057335","Cep170","AGGCTGCT","AAGCTGCC",8,4,0,0,12
"mmu-miR-22-3p","2:G>A,8:T>C","diana_microt","ENSMUSG00000003847","Nfat5","AGGCTGCT","AAGCTGCC",7,4,0,0,11
"mmu-miR-1a-3p","1:A>T,4:G>A","diana_microt","ENSMUSG00000058589","Anks1b","AGGGATGT","TGGAATGT",7,2,0,0,9
"mmu-miR-1a-3p","1:A>T,4:G>A","mirdb","ENSMUSG00000074305","Peak1","AGGGATGT","TGGAATGT",7,1,0,0,8
"mmu-miR-1a-3p","1:A>T,4:G>A","diana_microt","ENSMUSG00000074305","C230081A13Rik","AGGGATGT","TGGAATGT",7,1,0,0,8
"mmu-miR-1a-3p","1:A>T,4:G>A","diana_microt","ENSMUSG00000023032","Slc4a8","AGGGATGT","TGGAATGT",6,2,0,0,8
"mmu-miR-1a-3p","1:A>T,4:G>A","diana_microt","ENSMUSG00000053963","6330403A02Rik","AGGGATGT","TGGAATGT",5,2,0,0,7
"mmu-miR-12180-3p","4:G>A,15:T>C","mirdb","ENSMUSG00000031441","Atp11a","AGGGGCTG","AGGAGCTG",5,2,0,0,7
"mmu-miR-12180-3p","4:G>A,15:T>C","mirdb","ENSMUSG00000031441","Atp11a","AGGGGCTG","AGGAGCTG",5,2,0,0,7
"mmu-miR-12180-3p","4:G>A,15:T>C","mirdb","ENSMUSG00000031441","Atp11a","AGGGGCTG","AGGAGCTG",5,2,0,0,7
"mmu-miR-12180-3p","4:G>A,15:T>C","mirdb","ENSMUSG00000031441","Atp11a","AGGGGCTG","AGGAGCTG",5,2,0,0,7
"mmu-miR-12180-3p","4:G>A,15:T>C","mirdb","ENSMUSG00000031441","Atp11a","AGGGGCTG","AGGAGCTG",5,2,0,0,7
"mmu-let-7d-5p","3:G>A,12:A>G","miranda","ENSMUSG00000025921","Rdh10","AGGGGTAG","AGAGGTAG",7,0,0,0,7
"mmu-let-7d-5p","3:G>A,12:A>G","targetscan","ENSMUSG00000025921","Rdh10","AGGGGTAG","AGAGGTAG",7,0,0,0,7
"mmu-let-7d-5p","3:G>A,12:A>G","diana_microt","ENSMUSG00000025921","Rdh10","AGGGGTAG","AGAGGTAG",7,0,0,0,7
"mmu-let-7d-5p","3:G>A,12:A>G","diana_microt","ENSMUSG00000024524","Gnal","AGGGGTAG","AGAGGTAG",3,3,0,0,6
"mmu-let-7d-5p","3:G>A,12:A>G","diana_microt","ENSMUSG00000042272","Sestd1","AGGGGTAG","AGAGGTAG",4,2,0,0,6
"mmu-miR-23a-3p","6:G>A","diana_microt","ENSMUSG00000059493","Nhs","ATCACGTT","ATCACATT",3,3,0,0,6
"mmu-miR-23a-3p","6:G>A","diana_microt","ENSMUSG00000090659","Zfp493","ATCACGTT","ATCACATT",5,0,0,0,5
"mmu-miR-23a-3p","6:G>A","diana_microt","ENSMUSG00000055013","Agap1","ATCACGTT","ATCACATT",3,1,0,0,4
"mmu-miR-23a-3p","6:G>A","diana_microt","ENSMUSG00000010608","Rbm25","ATCACGTT","ATCACATT",2,2,0,0,4
"mmu-miR-23a-3p","6:G>A","mirdb","ENSMUSG00000055013","Agap1","ATCACGTT","ATCACATT",3,1,0,0,4
"mmu-miR-497a-5p","2:G>A,22:T>A","diana_microt","ENSMUSG00000040274","Cdk6","CGGCAGCA","CAGCAGCA",10,5,0,0,15
"mmu-miR-497a-5p","2:G>A,22:T>A","diana_microt","ENSMUSG00000057230","Aak1","CGGCAGCA","CAGCAGCA",9,4,0,0,13
"mmu-miR-497a-5p","2:G>A,22:T>A","diana_microt","ENSMUSG00000022708","Zbtb20","CGGCAGCA","CAGCAGCA",9,4,0,0,13
"mmu-miR-497a-5p","2:G>A,22:T>A","diana_microt","ENSMUSG00000028681","Ptch2","CGGCAGCA","CAGCAGCA",7,6,0,0,13
"mmu-miR-497a-5p","2:G>A,22:T>A","diana_microt","ENSMUSG00000036529","Sbf1","CGGCAGCA","CAGCAGCA",9,4,0,0,13
"mmu-let-7f-5p","1:C>T,3:G>A","targetscan","ENSMUSG00000025921","Rdh10","CGGGGTAG","TGAGGTAG",7,0,0,0,7
"mmu-let-7f-5p","1:C>T,3:G>A","miranda","ENSMUSG00000025921","Rdh10","CGGGGTAG","TGAGGTAG",7,0,0,0,7
"mmu-let-7f-5p","1:C>T,3:G>A","diana_microt","ENSMUSG00000024743","Syt7","CGGGGTAG","TGAGGTAG",4,3,0,0,7
"mmu-let-7f-5p","1:C>T,3:G>A","diana_microt","ENSMUSG00000042272","Sestd1","CGGGGTAG","TGAGGTAG",4,2,0,0,6
"mmu-let-7f-5p","1:C>T,3:G>A","mirdb","ENSMUSG00000042272","Sestd1","CGGGGTAG","TGAGGTAG",4,2,0,0,6
"mmu-miR-142a-5p","2:G>A","diana_microt","ENSMUSG00000042197","Zfp451","CGTAAAGT","CATAAAGT",8,3,0,0,11
"mmu-miR-142a-5p","2:G>A","diana_microt","ENSMUSG00000045991","Onecut2","CGTAAAGT","CATAAAGT",9,2,0,0,11
"mmu-miR-142a-5p","2:G>A","diana_microt","ENSMUSG00000055296","Tmem245","CGTAAAGT","CATAAAGT",9,2,0,0,11
"mmu-miR-142a-5p","2:G>A","mirdb","ENSMUSG00000055296","Tmem245","CGTAAAGT","CATAAAGT",9,2,0,0,11
"mmu-miR-142a-5p","2:G>A","diana_microt","ENSMUSG00000026915","Strbp","CGTAAAGT","CATAAAGT",7,2,0,0,9
"mmu-miR-532-5p","2:G>A","diana_microt","ENSMUSG00000029787","Avl9","CGTGCCTT","CATGCCTT",3,3,0,0,6
"mmu-miR-532-5p","2:G>A","diana_microt","ENSMUSG00000042807","Hecw2","CGTGCCTT","CATGCCTT",3,2,0,0,5
"mmu-miR-532-5p","2:G>A","diana_microt","ENSMUSG00000044365","Cxxc4","CGTGCCTT","CATGCCTT",3,2,0,0,5
"mmu-miR-532-5p","2:G>A","miranda","ENSMUSG00000020627","Klhl29","CGTGCCTT","CATGCCTT",4,1,0,0,5
"mmu-miR-532-5p","2:G>A","diana_microt","ENSMUSG00000042807","Hecw2","CGTGCCTT","CATGCCTT",3,2,0,0,5
"mmu-miR-133a-3p","1:C>T,2:G>T","diana_microt","ENSMUSG00000033705","Stard9","CGTGGTCC","TTTGGTCC",9,2,0,0,11
"mmu-miR-133a-3p","1:C>T,2:G>T","diana_microt","ENSMUSG00000018909","Arrb1","CGTGGTCC","TTTGGTCC",5,2,0,0,7
"mmu-miR-133a-3p","1:C>T,2:G>T","mirdb","ENSMUSG00000018909","Arrb1","CGTGGTCC","TTTGGTCC",5,2,0,0,7
"mmu-miR-133a-3p","1:C>T,2:G>T","mirdb","ENSMUSG00000018909","Arrb1","CGTGGTCC","TTTGGTCC",5,2,0,0,7
"mmu-miR-133a-3p","1:C>T,2:G>T","diana_microt","ENSMUSG00000037605","Lphn3","CGTGGTCC","TTTGGTCC",5,2,0,0,7
"mmu-miR-151-3p","3:G>A","mirdb","ENSMUSG00000028842","Ago3","CTGGACTG","CTAGACTG",5,2,0,0,7
"mmu-miR-151-3p","3:G>A","diana_microt","ENSMUSG00000063894","Zkscan8","CTGGACTG","CTAGACTG",5,1,0,0,6
"mmu-miR-151-3p","3:G>A","diana_microt","ENSMUSG00000033257","Ttll4","CTGGACTG","CTAGACTG",5,1,0,0,6
"mmu-miR-151-3p","3:G>A","diana_microt","ENSMUSG00000047793","Sned1","CTGGACTG","CTAGACTG",4,2,0,0,6
"mmu-miR-151-3p","3:G>A","diana_microt","ENSMUSG00000063894","Zkscan8","CTGGACTG","CTAGACTG",4,1,0,0,5
"mmu-let-7d-3p","3:G>A","diana_microt","ENSMUSG00000037253","Mex3c","CTGTACGA","CTATACGA",1,1,0,0,2
"mmu-let-7d-3p","3:G>A","mirdb","ENSMUSG00000037253","Mex3c","CTGTACGA","CTATACGA",1,1,0,0,2
"mmu-let-7d-3p","3:G>A","miranda","ENSMUSG00000037253","Mex3c","CTGTACGA","CTATACGA",1,1,0,0,2
"mmu-let-7d-3p","3:G>A","miranda","ENSMUSG00000021972","Hmbox1","CTGTACGA","CTATACGA",1,0,0,0,1
"mmu-let-7d-3p","3:G>A","miranda","ENSMUSG00000021987","Mtmr6","CTGTACGA","CTATACGA",1,0,0,0,1
"mmu-miR-7238-3p","7:G>T,14:C>T","mirdb","ENSMUSG00000023033","Scn8a","CTGTCCGT","CTGTCCTT",3,1,0,0,4
"mmu-miR-7238-3p","7:G>T,14:C>T","mirdb","ENSMUSG00000023033","Scn8a","CTGTCCGT","CTGTCCTT",3,1,0,0,4
"mmu-miR-7238-3p","7:G>T,14:C>T","mirdb","ENSMUSG00000023033","Scn8a","CTGTCCGT","CTGTCCTT",3,1,0,0,4
"mmu-miR-7238-3p","7:G>T,14:C>T","mirdb","ENSMUSG00000023033","Scn8a","CTGTCCGT","CTGTCCTT",3,1,0,0,4
"mmu-miR-7238-3p","7:G>T,14:C>T","mirdb","ENSMUSG00000025178","Pi4k2a","CTGTCCGT","CTGTCCTT",2,1,0,0,3
"mmu-miR-7238-3p","6:G>C,8:G>T","mirdb","ENSMUSG00000006818","Sod2","CTGTCGTG","CTGTCCTT",2,1,0,0,3
"mmu-miR-7238-3p","6:G>C,8:G>T","mirdb","ENSMUSG00000027763","Mbnl1","CTGTCGTG","CTGTCCTT",2,0,0,0,2
"mmu-miR-7238-3p","6:G>C,8:G>T","mirdb","ENSMUSG00000027763","Mbnl1","CTGTCGTG","CTGTCCTT",2,0,0,0,2
"mmu-miR-7238-3p","6:G>C,8:G>T","mirdb","ENSMUSG00000027763","Mbnl1","CTGTCGTG","CTGTCCTT",2,0,0,0,2
"mmu-miR-7238-3p","6:G>C,8:G>T","mirdb","ENSMUSG00000027763","Mbnl1","CTGTCGTG","CTGTCCTT",2,0,0,0,2
"mmu-miR-7238-3p","5:G>C,14:C>T","mirdb","ENSMUSG00000049470","Aff4","CTGTGCTT","CTGTCCTT",4,2,0,0,6
"mmu-miR-7238-3p","5:G>C,14:C>T","mirdb","ENSMUSG00000027763","Mbnl1","CTGTGCTT","CTGTCCTT",4,1,0,0,5
"mmu-miR-7238-3p","5:G>C,14:C>T","mirdb","ENSMUSG00000027763","Mbnl1","CTGTGCTT","CTGTCCTT",4,1,0,0,5
"mmu-miR-7238-3p","5:G>C,14:C>T","mirdb","ENSMUSG00000046314","Stxbp6","CTGTGCTT","CTGTCCTT",4,1,0,0,5
"mmu-miR-7238-3p","5:G>C,14:C>T","mirdb","ENSMUSG00000027763","Mbnl1","CTGTGCTT","CTGTCCTT",4,1,0,0,5
"mmu-miR-30a-3p","6:G>A,22:T>C","diana_microt","ENSMUSG00000030660","Pik3c2a","CTTTCGGT","CTTTCAGT",2,2,0,0,4
"mmu-miR-30a-3p","6:G>A,22:T>C","diana_microt","ENSMUSG00000021047","Nova1","CTTTCGGT","CTTTCAGT",2,2,0,0,4
"mmu-miR-30a-3p","6:G>A,22:T>C","mirdb","ENSMUSG00000030660","Pik3c2a","CTTTCGGT","CTTTCAGT",2,2,0,0,4
"mmu-miR-30a-3p","6:G>A,22:T>C","diana_microt","ENSMUSG00000045095","Magi1","CTTTCGGT","CTTTCAGT",3,1,0,0,4
"mmu-miR-30a-3p","6:G>A,22:T>C","diana_microt","ENSMUSG00000019841","Rev3l","CTTTCGGT","CTTTCAGT",4,0,0,0,4
"mmu-miR-409-3p","3:G>A","diana_microt","ENSMUSG00000035864","Syt1","GAGTGTTG","GAATGTTG",5,3,0,0,8
"mmu-miR-409-3p","3:G>A","diana_microt","ENSMUSG00000034158","Lrrc58","GAGTGTTG","GAATGTTG",7,1,0,0,8
"mmu-miR-409-3p","3:G>A","diana_microt","ENSMUSG00000025016","Tm9sf3","GAGTGTTG","GAATGTTG",6,2,0,0,8
"mmu-miR-409-3p","3:G>A","diana_microt","ENSMUSG00000035864","Syt1","GAGTGTTG","GAATGTTG",5,3,0,0,8
"mmu-miR-409-3p","3:G>A","diana_microt","ENSMUSG00000092060","Bend4","GAGTGTTG","GAATGTTG",6,2,0,0,8
"mmu-miR-3473b","4:G>C,7:T>G","diana_microt","ENSMUSG00000031543","Ank1","GGGGTGTA","GGGCTGGA",7,2,0,0,9
"mmu-miR-3473b","4:G>C,7:T>G","diana_microt","ENSMUSG00000021097","Clmn","GGGGTGTA","GGGCTGGA",6,2,0,0,8
"mmu-miR-3473b","4:G>C,7:T>G","diana_microt","ENSMUSG00000036698","Ago2","GGGGTGTA","GGGCTGGA",7,1,0,0,8
"mmu-miR-3473b","4:G>C,7:T>G","diana_microt","ENSMUSG00000055013","Agap1","GGGGTGTA","GGGCTGGA",7,0,0,0,7
"mmu-miR-3473b","4:G>C,7:T>G","diana_microt","ENSMUSG00000047747","Rnf150","GGGGTGTA","GGGCTGGA",4,3,0,0,7
"mmu-miR-1971","4:G>A,15:T>G","mirdb","ENSMUSG00000028842","Ago3","GTAGAGGC","GTAAAGGC",7,2,0,0,9
"mmu-miR-1971","4:G>A,15:T>G","diana_microt","ENSMUSG00000028842","Ago3","GTAGAGGC","GTAAAGGC",7,2,0,0,9
"mmu-miR-1971","4:G>A,15:T>G","diana_microt","ENSMUSG00000040596","Pogk","GTAGAGGC","GTAAAGGC",6,2,0,0,8
"mmu-miR-1971","4:G>A,15:T>G","mirdb","ENSMUSG00000038766","Gabpb2","GTAGAGGC","GTAAAGGC",5,2,0,0,7
"mmu-miR-1971","4:G>A,15:T>G","diana_microt","ENSMUSG00000038766","Gabpb2","GTAGAGGC","GTAAAGGC",5,2,0,0,7
"mmu-miR-145a-5p","5:G>A","diana_microt","ENSMUSG00000038611","Phrf1","GTCCGGTT","GTCCAGTT",3,2,0,0,5
"mmu-miR-145a-5p","5:G>A","miranda","ENSMUSG00000038611","Phrf1","GTCCGGTT","GTCCAGTT",3,2,0,0,5
"mmu-miR-145a-5p","5:G>A","diana_microt","ENSMUSG00000033039","Micall1","GTCCGGTT","GTCCAGTT",2,1,0,0,3
"mmu-miR-145a-5p","5:G>A","diana_microt","ENSMUSG00000031543","Ank1","GTCCGGTT","GTCCAGTT",2,1,0,0,3
"mmu-miR-145a-5p","5:G>A","miranda","ENSMUSG00000029638","Glcci1","GTCCGGTT","GTCCAGTT",2,1,0,0,3
"mmu-miR-1971","3:G>A,15:T>G","miranda","ENSMUSG00000044768","D1Ertd622e","GTGAAGGC","GTAAAGGC",12,3,0,0,15
"mmu-miR-1971","3:G>A,15:T>G","diana_microt","ENSMUSG00000055296","Tmem245","GTGAAGGC","GTAAAGGC",11,2,0,0,13
"mmu-miR-1971","3:G>A,15:T>G","diana_microt","ENSMUSG00000022708","Zbtb20","GTGAAGGC","GTAAAGGC",9,3,0,0,12
"mmu-miR-1971","3:G>A,15:T>G","diana_microt","ENSMUSG00000074994","Qser1","GTGAAGGC","GTAAAGGC",9,3,0,0,12
"mmu-miR-1971","3:G>A,15:T>G","diana_microt","ENSMUSG00000006720","Zfp184","GTGAAGGC","GTAAAGGC",8,4,0,0,12
"mmu-miR-24-2-5p","7:G>A,22:A>T","diana_microt","ENSMUSG00000034157","2310044G17Rik","GTGCCTGC","GTGCCTAC",6,2,0,0,8
"mmu-miR-24-2-5p","7:G>A,22:A>T","miranda","ENSMUSG00000047842","Diras2","GTGCCTGC","GTGCCTAC",4,3,0,0,7
"mmu-miR-24-2-5p","7:G>A,22:A>T","miranda","ENSMUSG00000021000","Ctage5","GTGCCTGC","GTGCCTAC",4,2,0,0,6
"mmu-miR-24-2-5p","7:G>A,22:A>T","diana_microt","ENSMUSG00000028358","Zfp618","GTGCCTGC","GTGCCTAC",6,0,0,0,6
"mmu-miR-24-2-5p","7:G>A,22:A>T","diana_microt","ENSMUSG00000029009","Mthfr","GTGCCTGC","GTGCCTAC",4,2,0,0,6
"mmu-miR-16-5p","3:A>G,5:G>A","targetscan","ENSMUSG00000014767","Tbp","TAACGGCA","TAGCAGCA",3,3,1,1,8
"mmu-miR-16-5p","3:A>G,5:G>A","diana_microt","ENSMUSG00000014767","Tbp","TAACGGCA","TAGCAGCA",3,3,1,1,8
"mmu-miR-16-5p","3:A>G,5:G>A","miranda","ENSMUSG00000039210","Gpatch2","TAACGGCA","TAGCAGCA",3,1,1,1,6
"mmu-miR-16-5p","3:A>G,5:G>A","diana_microt","ENSMUSG00000020262","Adarb1","TAACGGCA","TAGCAGCA",2,2,1,1,6
"mmu-miR-16-5p","3:A>G,5:G>A","diana_microt","ENSMUSG00000020262","Adarb1","TAACGGCA","TAGCAGCA",2,2,1,1,6
"mmu-miR-144-3p","7:G>A","diana_microt","ENSMUSG00000022708","Zbtb20","TACAGTGT","TACAGTAT",16,7,4,2,29
"mmu-miR-144-3p","7:G>A","diana_microt","ENSMUSG00000063108","Zfp26","TACAGTGT","TACAGTAT",22,0,0,0,22
"mmu-miR-144-3p","7:G>A","diana_microt","ENSMUSG00000038174","Fam126b","TACAGTGT","TACAGTAT",8,3,3,2,16
"mmu-miR-144-3p","7:G>A","mirdb","ENSMUSG00000038174","Fam126b","TACAGTGT","TACAGTAT",8,3,3,2,16
"mmu-miR-144-3p","7:G>A","diana_microt","ENSMUSG00000028842","Ago3","TACAGTGT","TACAGTAT",9,4,2,1,16
"mmu-miR-140-3p","7:G>A,12:G>A","diana_microt","ENSMUSG00000033857","Engase","TACCACGG","TACCACAG",3,2,1,1,7
"mmu-miR-140-3p","7:G>A,12:G>A","diana_microt","ENSMUSG00000053965","Pde5a","TACCACGG","TACCACAG",4,0,2,0,6
"mmu-miR-140-3p","7:G>A,12:G>A","miranda","ENSMUSG00000053965","Pde5a","TACCACGG","TACCACAG",4,0,2,0,6
"mmu-miR-140-3p","7:G>A,12:G>A","miranda","ENSMUSG00000053965","Pde5a","TACCACGG","TACCACAG",4,0,2,0,6
"mmu-miR-140-3p","7:G>A,12:G>A","diana_microt","ENSMUSG00000053965","Pde5a","TACCACGG","TACCACAG",4,0,2,0,6
"mmu-miR-29a-3p","5:G>A","diana_microt","ENSMUSG00000021952","Xpo4","TAGCGCCA","TAGCACCA",2,1,2,1,6
"mmu-miR-29c-3p","5:G>A","diana_microt","ENSMUSG00000021952","Xpo4","TAGCGCCA","TAGCACCA",2,1,2,1,6
"mmu-miR-29a-3p","5:G>A","diana_microt","ENSMUSG00000029530","Ccr9","TAGCGCCA","TAGCACCA",3,2,0,0,5
"mmu-miR-29a-3p","5:G>A","diana_microt","ENSMUSG00000021047","Nova1","TAGCGCCA","TAGCACCA",2,1,1,1,5
"mmu-miR-29a-3p","5:G>A","diana_microt","ENSMUSG00000031502","Col4a1","TAGCGCCA","TAGCACCA",3,2,0,0,5
"mmu-miR-15b-5p","5:G>A","diana_microt","ENSMUSG00000032997","Chpf","TAGCGGCA","TAGCAGCA",4,1,1,0,6
"mmu-miR-15b-5p","5:G>A","mirdb","ENSMUSG00000065954","Tacc1","TAGCGGCA","TAGCAGCA",3,2,0,0,5
"mmu-miR-15b-5p","5:G>A","diana_microt","ENSMUSG00000047888","Tnrc6b","TAGCGGCA","TAGCAGCA",4,1,0,0,5
"mmu-miR-15b-5p","5:G>A","diana_microt","ENSMUSG00000065954","Tacc1","TAGCGGCA","TAGCAGCA",3,2,0,0,5
"mmu-miR-15b-5p","5:G>A","mirdb","ENSMUSG00000047888","Tnrc6b","TAGCGGCA","TAGCAGCA",4,1,0,0,5
"mmu-miR-29b-3p","4:G>C","mirdb","ENSMUSG00000034275","Igsf9b","TAGGACCA","TAGCACCA",7,3,3,1,14
"mmu-miR-29b-3p","4:G>C","mirdb","ENSMUSG00000040274","Cdk6","TAGGACCA","TAGCACCA",3,3,2,2,10
"mmu-miR-29b-3p","4:G>C","miranda","ENSMUSG00000022708","Zbtb20","TAGGACCA","TAGCACCA",4,3,2,1,10
"mmu-miR-29b-3p","4:G>C","diana_microt","ENSMUSG00000022708","Zbtb20","TAGGACCA","TAGCACCA",4,3,2,1,10
"mmu-miR-29b-3p","4:G>C","diana_microt","ENSMUSG00000004317","Clcn5","TAGGACCA","TAGCACCA",4,4,1,1,10
"mmu-let-7b-5p","2:A>G,3:G>A","diana_microt","ENSMUSG00000021578","Ccdc127","TAGGGTAG","TGAGGTAG",6,5,2,2,15
"mmu-let-7b-5p","2:A>G,3:G>A","diana_microt","ENSMUSG00000026915","Strbp","TAGGGTAG","TGAGGTAG",5,3,1,0,9
"mmu-let-7b-5p","2:A>G,3:G>A","mirdb","ENSMUSG00000054387","Mdm4","TAGGGTAG","TGAGGTAG",4,3,1,0,8
"mmu-let-7b-5p","2:A>G,3:G>A","targetscan","ENSMUSG00000054387","Mdm4","TAGGGTAG","TGAGGTAG",4,3,1,0,8
"mmu-let-7b-5p","2:A>G,3:G>A","diana_microt","ENSMUSG00000028886","Eya3","TAGGGTAG","TGAGGTAG",3,3,1,1,8
"mmu-miR-3470b","4:G>C,16:A>G","diana_microt","ENSMUSG00000068373","D430041D05Rik","TCAGTCTG","TCACTCTG",8,3,1,0,12
"mmu-miR-3470b","4:G>C,16:A>G","diana_microt","ENSMUSG00000033004","Mycbp2","TCAGTCTG","TCACTCTG",6,2,2,0,10
"mmu-miR-3470b","4:G>C,16:A>G","diana_microt","ENSMUSG00000032905","Atg12","TCAGTCTG","TCACTCTG",6,1,2,1,10
"mmu-miR-3470b","4:G>C,16:A>G","mirdb","ENSMUSG00000053963","Stum","TCAGTCTG","TCACTCTG",6,3,0,0,9
"mmu-miR-3470b","4:G>C,16:A>G","mirdb","ENSMUSG00000020962","Gtf2a1","TCAGTCTG","TCACTCTG",4,2,2,1,9
"mmu-miR-338-3p","7:G>A","diana_microt","ENSMUSG00000024913","Lrp5","TCCAGCGT","TCCAGCAT",5,1,3,1,10
"mmu-miR-338-3p","7:G>A","diana_microt","ENSMUSG00000055632","Hmcn2","TCCAGCGT","TCCAGCAT",4,0,3,0,7
"mmu-miR-338-3p","7:G>A","diana_microt","ENSMUSG00000054792","Klhl18","TCCAGCGT","TCCAGCAT",4,1,1,0,6
"mmu-miR-338-3p","7:G>A","diana_microt","ENSMUSG00000026883","Dab2ip","TCCAGCGT","TCCAGCAT",2,1,2,1,6
"mmu-miR-338-3p","7:G>A","diana_microt","ENSMUSG00000027361","Gabpb1","TCCAGCGT","TCCAGCAT",2,1,2,1,6
"mmu-miR-125b-5p","3:G>C,7:C>A","diana_microt","ENSMUSG00000032589","Bsn","TCGCTGCG","TCCCTGAG",3,1,1,0,5
"mmu-miR-125b-5p","3:G>C,7:C>A","targetscan","ENSMUSG00000022237","Ankrd33b","TCGCTGCG","TCCCTGAG",3,1,1,0,5
"mmu-miR-125b-5p","3:G>C,7:C>A","diana_microt","ENSMUSG00000032589","Bsn","TCGCTGCG","TCCCTGAG",3,1,1,0,5
"mmu-miR-125b-5p","3:G>C,7:C>A","diana_microt","ENSMUSG00000022237","Ankrd33b","TCGCTGCG","TCCCTGAG",3,1,1,0,5
"mmu-miR-125b-5p","3:G>C,7:C>A","diana_microt","ENSMUSG00000006289","Osgep","TCGCTGCG","TCCCTGAG",2,1,1,1,5
"mmu-miR-146a-5p","5:G>A","miranda","ENSMUSG00000020255","D10Wsu102e","TGAGGACT","TGAGAACT",31,13,9,4,57
"mmu-miR-146a-5p","5:G>A","diana_microt","ENSMUSG00000026502","Desi2","TGAGGACT","TGAGAACT",5,4,4,3,16
"mmu-miR-146a-5p","5:G>A","miranda","ENSMUSG00000026915","Strbp","TGAGGACT","TGAGAACT",5,3,2,2,12
"mmu-miR-146a-5p","5:G>A","diana_microt","ENSMUSG00000026915","Strbp","TGAGGACT","TGAGAACT",5,3,2,2,12
"mmu-miR-146a-5p","5:G>A","diana_microt","ENSMUSG00000052698","Tln2","TGAGGACT","TGAGAACT",6,2,1,1,10
"mmu-let-7c-5p","6:G>T,22:A>T","diana_microt","ENSMUSG00000003847","Nfat5","TGAGGGAG","TGAGGTAG",18,11,0,0,29
"mmu-let-7c-5p","6:G>T,22:A>T","targetscan","ENSMUSG00000042523","Dnal1","TGAGGGAG","TGAGGTAG",14,12,1,0,27
"mmu-let-7c-5p","6:G>T,22:A>T","diana_microt","ENSMUSG00000003847","Nfat5","TGAGGGAG","TGAGGTAG",17,10,0,0,27
"mmu-let-7c-5p","6:G>T,22:A>T","targetscan","ENSMUSG00000042523","Dnal1","TGAGGGAG","TGAGGTAG",12,12,0,0,24
"mmu-let-7c-5p","6:G>T,22:A>T","diana_microt","ENSMUSG00000041779","Tram2","TGAGGGAG","TGAGGTAG",13,8,2,1,24
"mmu-miR-143-3p","5:G>A,17:G>A","diana_microt","ENSMUSG00000036913","Trim67","TGAGGTGA","TGAGATGA",5,3,1,1,10
"mmu-miR-143-3p","5:G>A,20:C>T","diana_microt","ENSMUSG00000036913","Trim67","TGAGGTGA","TGAGATGA",5,3,1,1,10
"mmu-miR-143-3p","5:G>A,9:G>A","diana_microt","ENSMUSG00000036913","Trim67","TGAGGTGA","TGAGATGA",5,3,1,1,10
"mmu-miR-143-3p","5:G>A,17:G>A","miranda","ENSMUSG00000040856","Dlk1","TGAGGTGA","TGAGATGA",5,1,3,1,10
"mmu-miR-143-3p","5:G>A,20:C>T","miranda","ENSMUSG00000040856","Dlk1","TGAGGTGA","TGAGATGA",5,1,3,1,10
"mmu-let-7c-5p","7:G>A,9:C>T","diana_microt","ENSMUSG00000031442","Mcf2l","TGAGGTGG","TGAGGTAG",7,6,7,6,26
"mmu-let-7c-5p","7:G>A,22:C>T","diana_microt","ENSMUSG00000031442","Mcf2l","TGAGGTGG","TGAGGTAG",7,6,7,6,26
"mmu-let-7c-5p","7:G>A,10:G>A","diana_microt","ENSMUSG00000031442","Mcf2l","TGAGGTGG","TGAGGTAG",7,6,7,6,26
"mmu-let-7c-5p","7:G>A,13:C>T","diana_microt","ENSMUSG00000031442","Mcf2l","TGAGGTGG","TGAGGTAG",7,6,7,6,26
"mmu-let-7f-5p","7:G>A,22:A>T","diana_microt","ENSMUSG00000031442","Mcf2l","TGAGGTGG","TGAGGTAG",7,6,7,6,26
"mmu-miR-1a-3p","6:G>T,20:C>T","mirdb","ENSMUSG00000053007","Creb5","TGGAAGGT","TGGAATGT",10,2,3,1,16
"mmu-miR-1a-3p","6:G>T,20:C>T","mirdb","ENSMUSG00000053007","Creb5","TGGAAGGT","TGGAATGT",10,2,3,1,16
"mmu-miR-1a-3p","6:G>T,20:C>T","targetscan","ENSMUSG00000053007","Creb5","TGGAAGGT","TGGAATGT",10,2,3,1,16
"mmu-miR-1a-3p","6:G>T,20:C>T","targetscan","ENSMUSG00000053007","Creb5","TGGAAGGT","TGGAATGT",10,2,3,1,16
"mmu-miR-1a-3p","6:G>T,20:C>T","diana_microt","ENSMUSG00000003847","Nfat5","TGGAAGGT","TGGAATGT",11,1,2,1,15
"mmu-miR-143-3p","3:G>A,4:A>G","diana_microt","ENSMUSG00000045991","Onecut2","TGGAATGA","TGAGATGA",5,3,3,1,12
"mmu-miR-143-3p","3:G>A,4:A>G","diana_microt","ENSMUSG00000030067","Foxp1","TGGAATGA","TGAGATGA",6,2,2,1,11
"mmu-miR-143-3p","3:G>A,4:A>G","diana_microt","ENSMUSG00000030067","Foxp1","TGGAATGA","TGAGATGA",6,2,2,1,11
"mmu-miR-143-3p","3:G>A,4:A>G","diana_microt","ENSMUSG00000048070","Pirt","TGGAATGA","TGAGATGA",7,0,3,0,10
"mmu-miR-143-3p","3:G>A,4:A>G","diana_microt","ENSMUSG00000031971","Ccsap","TGGAATGA","TGAGATGA",5,1,3,1,10
"mmu-miR-139-3p","6:G>A","mirdb","ENSMUSG00000048108","Tmem72","TGGAGGCG","TGGAGACG",11,1,6,0,18
"mmu-miR-139-3p","6:G>A","diana_microt","ENSMUSG00000048108","Tmem72","TGGAGGCG","TGGAGACG",11,1,6,0,18
"mmu-miR-139-3p","6:G>A","diana_microt","ENSMUSG00000028664","Ephb2","TGGAGGCG","TGGAGACG",7,3,2,1,13
"mmu-miR-139-3p","6:G>A","mirdb","ENSMUSG00000057230","Aak1","TGGAGGCG","TGGAGACG",7,0,4,0,11
"mmu-miR-139-3p","6:G>A","diana_microt","ENSMUSG00000039683","Sdk1","TGGAGGCG","TGGAGACG",4,2,3,1,10
"mmu-miR-122-5p","6:G>T","diana_microt","ENSMUSG00000024050","Wiz","TGGAGGGT","TGGAGTGT",10,3,2,1,16
"mmu-miR-122-5p","6:G>T","diana_microt","ENSMUSG00000001910","Nacc1","TGGAGGGT","TGGAGTGT",13,1,1,0,15
"mmu-miR-122-5p","6:G>T","miranda","ENSMUSG00000030067","Foxp1","TGGAGGGT","TGGAGTGT",9,2,3,1,15
"mmu-miR-122-5p","6:G>T","miranda","ENSMUSG00000030067","Foxp1","TGGAGGGT","TGGAGTGT",9,2,3,1,15
"mmu-miR-122-5p","6:G>T","diana_microt","ENSMUSG00000033209","Ttc28","TGGAGGGT","TGGAGTGT",13,1,0,0,14
"mmu-let-7c-5p","3:G>A,4:A>G","diana_microt","ENSMUSG00000030209","Grin2b","TGGAGTAG","TGAGGTAG",4,2,3,2,11
"mmu-let-7c-5p","3:G>A,4:A>G","diana_microt","ENSMUSG00000042121","Ssh1","TGGAGTAG","TGAGGTAG",3,2,2,2,9
"mmu-let-7c-5p","3:G>A,4:A>G","diana_microt","ENSMUSG00000055373","Fut9","TGGAGTAG","TGAGGTAG",4,2,2,0,8
"mmu-let-7c-5p","3:G>A,4:A>G","miranda","ENSMUSG00000025921","Rdh10","TGGAGTAG","TGAGGTAG",4,0,4,0,8
"mmu-let-7c-5p","3:G>A,4:A>G","targetscan","ENSMUSG00000025921","Rdh10","TGGAGTAG","TGAGGTAG",4,0,4,0,8
"mmu-miR-1a-3p","5:G>A,8:C>T","diana_microt","ENSMUSG00000023032","Slc4a8","TGGAGTGC","TGGAATGT",7,0,4,0,11
"mmu-miR-1a-3p","5:G>A,8:C>T","diana_microt","ENSMUSG00000061411","8430427H17Rik","TGGAGTGC","TGGAATGT",5,1,3,1,10
"mmu-miR-1a-3p","5:G>A,8:C>T","diana_microt","ENSMUSG00000061411","8430427H17Rik","TGGAGTGC","TGGAATGT",5,1,3,1,10
"mmu-miR-1a-3p","5:G>A,8:C>T","mirdb","ENSMUSG00000061411","Nol4l","TGGAGTGC","TGGAATGT",5,1,3,1,10
"mmu-miR-1a-3p","5:G>A,8:C>T","diana_microt","ENSMUSG00000034254","Agpat1","TGGAGTGC","TGGAATGT",5,1,3,1,10
"mmu-miR-1a-3p","5:G>A,18:A>T","diana_microt","ENSMUSG00000023032","Slc4a8","TGGAGTGT","TGGAATGT",7,1,4,1,13
"mmu-miR-1a-3p","5:G>A,15:T>G","diana_microt","ENSMUSG00000023032","Slc4a8","TGGAGTGT","TGGAATGT",7,1,4,1,13
"mmu-miR-1a-3p","5:G>A,18:A>T","diana_microt","ENSMUSG00000061411","8430427H17Rik","TGGAGTGT","TGGAATGT",5,3,3,2,13
"mmu-miR-1a-3p","5:G>A,15:T>G","diana_microt","ENSMUSG00000061411","8430427H17Rik","TGGAGTGT","TGGAATGT",5,3,3,2,13
"mmu-miR-1a-3p","5:G>A,18:A>T","diana_microt","ENSMUSG00000061411","8430427H17Rik","TGGAGTGT","TGGAATGT",5,3,3,2,13
"mmu-miR-1a-3p","5:G>A,7:T>G","diana_microt","ENSMUSG00000035696","Rnf38","TGGAGTTT","TGGAATGT",4,2,3,2,11
"mmu-miR-1a-3p","5:G>A,7:T>G","diana_microt","ENSMUSG00000035696","Rnf38","TGGAGTTT","TGGAATGT",4,2,3,2,11
"mmu-miR-1a-3p","5:G>A,7:T>G","diana_microt","ENSMUSG00000034551","Hdx","TGGAGTTT","TGGAATGT",4,2,3,2,11
"mmu-miR-1a-3p","5:G>A,7:T>G","diana_microt","ENSMUSG00000034551","Hdx","TGGAGTTT","TGGAATGT",4,2,3,2,11
"mmu-miR-1a-3p","5:G>A,7:T>G","diana_microt","ENSMUSG00000075324","Fign","TGGAGTTT","TGGAATGT",5,2,2,1,10
"mmu-miR-29a-3p","2:G>A","diana_microt","ENSMUSG00000069170","Gpr98","TGGCACCA","TAGCACCA",5,2,2,1,10
"mmu-miR-29a-3p","2:G>A","miranda","ENSMUSG00000026349","Ccnt2","TGGCACCA","TAGCACCA",3,2,2,2,9
"mmu-miR-29a-3p","2:G>A","targetscan","ENSMUSG00000026349","Ccnt2","TGGCACCA","TAGCACCA",3,2,2,2,9
"mmu-miR-29a-3p","2:G>A","diana_microt","ENSMUSG00000026349","Ccnt2","TGGCACCA","TAGCACCA",3,2,2,2,9
"mmu-miR-29a-3p","2:G>A","targetscan","ENSMUSG00000018931","Natd1","TGGCACCA","TAGCACCA",4,2,2,1,9
"mmu-miR-24-3p","5:G>T","diana_microt","ENSMUSG00000024050","Wiz","TGGCGCAG","TGGCTCAG",2,2,2,2,8
"mmu-miR-24-3p","5:G>T","diana_microt","ENSMUSG00000024050","Wiz","TGGCGCAG","TGGCTCAG",2,2,2,2,8
"mmu-miR-24-3p","5:G>T","diana_microt","ENSMUSG00000068551","Zfp467","TGGCGCAG","TGGCTCAG",4,2,1,0,7
"mmu-miR-24-3p","5:G>T","diana_microt","ENSMUSG00000068551","Zfp467","TGGCGCAG","TGGCTCAG",4,2,1,0,7
"mmu-miR-24-3p","5:G>T","diana_microt","ENSMUSG00000068551","Zfp467","TGGCGCAG","TGGCTCAG",4,2,1,0,7
"mmu-let-7b-5p","3:G>A,4:C>G","targetscan","ENSMUSG00000021541","Trpc7","TGGCGTAG","TGAGGTAG",2,1,2,1,6
"mmu-let-7b-5p","3:G>A,4:C>G","targetscan","ENSMUSG00000021541","Trpc7","TGGCGTAG","TGAGGTAG",2,1,2,1,6
"mmu-let-7b-5p","3:G>A,4:C>G","targetscan","ENSMUSG00000021541","Trpc7","TGGCGTAG","TGAGGTAG",2,1,2,1,6
"mmu-let-7b-5p","3:G>A,4:C>G","diana_microt","ENSMUSG00000006362","Cbfa2t3","TGGCGTAG","TGAGGTAG",3,2,0,0,5
"mmu-let-7b-5p","3:G>A,4:C>G","targetscan","ENSMUSG00000006362","Cbfa2t3","TGGCGTAG","TGAGGTAG",3,2,0,0,5
"mmu-miR-24-3p","7:G>A,21:G>A","diana_microt","ENSMUSG00000024219","Anks1","TGGCTCGG","TGGCTCAG",3,3,2,2,10
"mmu-miR-24-3p","7:G>A,21:G>A","mirdb","ENSMUSG00000024219","Anks1","TGGCTCGG","TGGCTCAG",3,3,2,2,10
"mmu-miR-24-3p","7:G>A,21:G>A","mirdb","ENSMUSG00000024219","Anks1","TGGCTCGG","TGGCTCAG",3,3,2,2,10
"mmu-miR-24-3p","7:G>A,21:G>A","diana_microt","ENSMUSG00000024219","Anks1","TGGCTCGG","TGGCTCAG",3,3,2,2,10
"mmu-miR-24-3p","7:G>A,21:G>A","diana_microt","ENSMUSG00000027864","Ptgfrn","TGGCTCGG","TGGCTCAG",3,2,2,2,9
"mmu-miR-7a-5p","4:G>A","diana_microt","ENSMUSG00000003847","Nfat5","TGGGAGAC","TGGAAGAC",17,1,2,0,20
"mmu-miR-7a-5p","4:G>A","diana_microt","ENSMUSG00000022708","Zbtb20","TGGGAGAC","TGGAAGAC",14,0,5,0,19
"mmu-miR-7a-5p","4:G>A","diana_microt","ENSMUSG00000003847","Nfat5","TGGGAGAC","TGGAAGAC",16,0,2,0,18
"mmu-miR-7a-5p","4:G>A","diana_microt","ENSMUSG00000052534","Pbx1","TGGGAGAC","TGGAAGAC",9,3,3,1,16
"mmu-miR-7a-5p","4:G>A","diana_microt","ENSMUSG00000023032","Slc4a8","TGGGAGAC","TGGAAGAC",8,2,5,1,16
"mmu-miR-206-3p","4:G>A,16:C>T","mirdb","ENSMUSG00000074305","Peak1","TGGGATGT","TGGAATGT",7,1,4,1,13
"mmu-miR-206-3p","4:G>A,16:C>T","diana_microt","ENSMUSG00000074305","C230081A13Rik","TGGGATGT","TGGAATGT",7,1,4,1,13
"mmu-miR-206-3p","4:G>A,16:C>T","diana_microt","ENSMUSG00000053963","6330403A02Rik","TGGGATGT","TGGAATGT",5,2,3,1,11
"mmu-miR-206-3p","4:G>A,16:C>T","diana_microt","ENSMUSG00000058589","Anks1b","TGGGATGT","TGGAATGT",7,2,1,0,10
"mmu-miR-206-3p","4:G>A,16:C>T","diana_microt","ENSMUSG00000023032","Slc4a8","TGGGATGT","TGGAATGT",6,2,1,0,9
"mmu-miR-3473a","4:G>A,18:C>A","diana_microt","ENSMUSG00000030411","Nova2","TGGGGAGA","TGGAGAGA",16,3,6,1,26
"mmu-miR-3473a","4:G>A,18:C>A","diana_microt","ENSMUSG00000022708","Zbtb20","TGGGGAGA","TGGAGAGA",12,6,3,1,22
"mmu-miR-3473a","4:G>A,18:C>A","diana_microt","ENSMUSG00000038738","Shank1","TGGGGAGA","TGGAGAGA",14,4,3,1,22
"mmu-miR-3473a","4:G>A,18:C>A","diana_microt","ENSMUSG00000073568","Arl14epl","TGGGGAGA","TGGAGAGA",10,8,0,0,18
"mmu-miR-3473a","4:G>A,18:C>A","diana_microt","ENSMUSG00000073568","Arl14epl","TGGGGAGA","TGGAGAGA",10,8,0,0,18
"mmu-let-7b-5p","3:G>A,10:G>A","miranda","ENSMUSG00000025921","Rdh10","TGGGGTAG","TGAGGTAG",7,0,7,0,14
"mmu-let-7b-5p","3:G>A,10:G>A","targetscan","ENSMUSG00000025921","Rdh10","TGGGGTAG","TGAGGTAG",7,0,7,0,14
"mmu-let-7c-5p","3:G>A,13:C>T","miranda","ENSMUSG00000025921","Rdh10","TGGGGTAG","TGAGGTAG",7,0,7,0,14
"mmu-let-7c-5p","3:G>A,13:C>T","targetscan","ENSMUSG00000025921","Rdh10","TGGGGTAG","TGAGGTAG",7,0,7,0,14
"mmu-let-7b-5p","3:G>A,10:G>A","diana_microt","ENSMUSG00000024743","Syt7","TGGGGTAG","TGAGGTAG",4,3,2,1,10
"mmu-miR-122-5p","4:G>A,22:T>G","diana_microt","ENSMUSG00000035735","Dagla","TGGGGTGT","TGGAGTGT",11,2,5,2,20
"mmu-miR-122-5p","4:G>A,22:T>G","targetscan","ENSMUSG00000037972","Snn","TGGGGTGT","TGGAGTGT",6,3,3,2,14
"mmu-miR-122-5p","4:G>A,22:T>G","diana_microt","ENSMUSG00000037972","Snn","TGGGGTGT","TGGAGTGT",6,3,3,2,14
"mmu-miR-122-5p","4:G>A,22:T>G","diana_microt","ENSMUSG00000062785","Kcnc3","TGGGGTGT","TGGAGTGT",7,4,2,1,14
"mmu-miR-122-5p","4:G>A,22:T>G","diana_microt","ENSMUSG00000035735","Dagla","TGGGGTGT","TGGAGTGT",8,1,3,1,13
"mmu-miR-196a-5p","2:G>A,8:C>T","targetscan","ENSMUSG00000006362","Cbfa2t3","TGGGTAGC","TAGGTAGT",6,2,3,1,12
"mmu-miR-196a-5p","2:G>A,8:C>T","diana_microt","ENSMUSG00000006362","Cbfa2t3","TGGGTAGC","TAGGTAGT",6,2,3,1,12
"mmu-miR-196a-5p","2:G>A,8:C>T","miranda","ENSMUSG00000033306","Lpp","TGGGTAGC","TAGGTAGT",5,1,3,1,10
"mmu-miR-196a-5p","2:G>A,8:C>T","diana_microt","ENSMUSG00000032549","Rab6b","TGGGTAGC","TAGGTAGT",3,2,2,2,9
"mmu-miR-196a-5p","2:G>A,8:C>T","diana_microt","ENSMUSG00000040125","Gpr26","TGGGTAGC","TAGGTAGT",5,0,3,0,8
"mmu-miR-24-3p","4:G>C","mirdb","ENSMUSG00000031748","Gnao1","TGGGTCAG","TGGCTCAG",5,3,3,2,13
"mmu-miR-24-3p","4:G>C","diana_microt","ENSMUSG00000059146","Ntrk3","TGGGTCAG","TGGCTCAG",8,2,3,0,13
"mmu-miR-24-3p","4:G>C","mirdb","ENSMUSG00000036986","Pml","TGGGTCAG","TGGCTCAG",6,4,1,1,12
"mmu-miR-24-3p","4:G>C","mirdb","ENSMUSG00000036986","Pml","TGGGTCAG","TGGCTCAG",6,4,1,1,12
"mmu-miR-24-3p","4:G>C","mirdb","ENSMUSG00000036986","Pml","TGGGTCAG","TGGCTCAG",6,4,1,1,12
"mmu-miR-30a-5p","6:G>A","diana_microt","ENSMUSG00000020255","D10Wsu102e","TGTAAGCA","TGTAAACA",15,6,8,4,33
"mmu-miR-30a-5p","6:G>A,22:T>G","diana_microt","ENSMUSG00000020255","D10Wsu102e","TGTAAGCA","TGTAAACA",15,6,8,4,33
"mmu-miR-30a-5p","6:G>A","miranda","ENSMUSG00000020255","D10Wsu102e","TGTAAGCA","TGTAAACA",15,6,8,4,33
"mmu-miR-30a-5p","6:G>A,22:T>G","miranda","ENSMUSG00000020255","D10Wsu102e","TGTAAGCA","TGTAAACA",15,6,8,4,33
"mmu-miR-30a-5p","6:G>A","diana_microt","ENSMUSG00000022708","Zbtb20","TGTAAGCA","TGTAAACA",7,3,3,1,14
"mmu-miR-19b-3p","6:G>A,23:T>A","diana_microt","ENSMUSG00000032827","Ppp1r9a","TGTGCGAA","TGTGCAAA",2,1,1,1,5
"mmu-miR-19b-3p","6:G>A,23:T>A","mirdb","ENSMUSG00000051000","Fam160a1","TGTGCGAA","TGTGCAAA",1,1,1,1,4
"mmu-miR-19b-3p","6:G>A,23:T>A","miranda","ENSMUSG00000034647","Ankrd12","TGTGCGAA","TGTGCAAA",1,1,1,1,4
"mmu-miR-19b-3p","6:G>A,23:T>A","diana_microt","ENSMUSG00000033671","Cep350","TGTGCGAA","TGTGCAAA",1,1,1,1,4
"mmu-miR-19b-3p","6:G>A,23:T>A","miranda","ENSMUSG00000041911","Dlx1","TGTGCGAA","TGTGCAAA",2,2,0,0,4
"mmu-miR-361-5p","6:G>A,22:T>C","miranda","ENSMUSG00000039683","Sdk1","TTATCGGA","TTATCAGA",1,1,1,1,4
"mmu-miR-361-5p","6:G>A,22:T>C","miranda","ENSMUSG00000036959","Bcorl1","TTATCGGA","TTATCAGA",1,1,1,1,4
"mmu-miR-361-5p","6:G>A,22:T>C","mirdb","ENSMUSG00000039683","Sdk1","TTATCGGA","TTATCAGA",1,1,1,1,4
"mmu-miR-361-5p","6:G>A,22:T>C","diana_microt","ENSMUSG00000019802","Sec63","TTATCGGA","TTATCAGA",1,1,1,1,4
"mmu-miR-361-5p","6:G>A,22:T>C","mirdb","ENSMUSG00000039683","Sdk1","TTATCGGA","TTATCAGA",1,1,1,1,4
"mmu-miR-26a-5p","4:G>A,22:G>T","diana_microt","ENSMUSG00000019841","Rev3l","TTCGAGTA","TTCAAGTA",3,2,2,2,9
"mmu-miR-26a-5p","4:G>A,22:A>T","diana_microt","ENSMUSG00000019841","Rev3l","TTCGAGTA","TTCAAGTA",3,2,2,2,9
"mmu-miR-26a-5p","4:G>A,15:T>G","diana_microt","ENSMUSG00000019841","Rev3l","TTCGAGTA","TTCAAGTA",3,2,2,2,9
"mmu-miR-26a-5p","4:G>A,22:G>T","diana_microt","ENSMUSG00000032525","Nktr","TTCGAGTA","TTCAAGTA",2,2,1,1,6
"mmu-miR-26a-5p","4:G>A,22:A>T","diana_microt","ENSMUSG00000032525","Nktr","TTCGAGTA","TTCAAGTA",2,2,1,1,6
"mmu-miR-1a-3p","2:T>G,5:G>A","diana_microt","ENSMUSG00000029765","Plxna4","TTGAGTGT","TGGAATGT",4,4,2,2,12
"mmu-miR-1a-3p","2:T>G,5:G>A","mirdb","ENSMUSG00000029765","Plxna4","TTGAGTGT","TGGAATGT",4,4,2,2,12
"mmu-miR-1a-3p","2:T>G,5:G>A","diana_microt","ENSMUSG00000005417","Mprip","TTGAGTGT","TGGAATGT",7,2,1,0,10
"mmu-miR-1a-3p","2:T>G,5:G>A","mirdb","ENSMUSG00000014767","Tbp","TTGAGTGT","TGGAATGT",5,3,1,1,10
"mmu-miR-1a-3p","2:T>G,5:G>A","diana_microt","ENSMUSG00000005417","Mprip","TTGAGTGT","TGGAATGT",7,2,1,0,10
"mmu-miR-340-5p","3:G>A","diana_microt","ENSMUSG00000044768","D1Ertd622e","TTGTAAAG","TTATAAAG",20,5,6,1,32
"mmu-miR-340-5p","3:G>A","mirdb","ENSMUSG00000055296","Tmem245","TTGTAAAG","TTATAAAG",15,7,6,3,31
"mmu-miR-340-5p","3:G>A","diana_microt","ENSMUSG00000055296","Tmem245","TTGTAAAG","TTATAAAG",15,7,6,3,31
"mmu-miR-340-5p","3:G>A","diana_microt","ENSMUSG00000022708","Zbtb20","TTGTAAAG","TTATAAAG",16,4,7,1,28
"mmu-miR-340-5p","3:G>A","diana_microt","ENSMUSG00000045991","Onecut2","TTGTAAAG","TTATAAAG",14,3,5,0,22
