"mature_mirna_id","pos.mut","database","target_ensembl","target_symbol","seed_sequence_normal","seed_sequence_mutated","binding_score_mutated_6mer","binding_score_mutated_7mer_m8","binding_score_mutated_7mer_A1","binding_score_mutated_8mer","total_binding_counts_mutated"
"mmu-miR-22-3p","2:G>A,8:T>C","diana_microt","ENSMUSG00000026427","Eif2d","AGGCTGCT","AAGCTGCC",20,0,0,0,20
"mmu-miR-22-3p","2:G>A","diana_microt","ENSMUSG00000026427","Eif2d","AGGCTGCC","AAGCTGCC",20,0,0,0,20
"mmu-miR-22-3p","2:G>A,8:T>C","diana_microt","ENSMUSG00000026427","Eif2d","AGGCTGCT","AAGCTGCC",20,0,0,0,20
"mmu-miR-22-3p","2:G>A","diana_microt","ENSMUSG00000026427","Eif2d","AGGCTGCC","AAGCTGCC",20,0,0,0,20
"mmu-miR-22-3p","2:G>A,8:T>C","diana_microt","ENSMUSG00000038126","Mphosph9","AGGCTGCT","AAGCTGCC",14,3,0,0,17
"mmu-miR-378a-3p","6:G>A","diana_microt","ENSMUSG00000038611","Phrf1","ACTGGGCT","ACTGGACT",8,3,0,0,11
"mmu-miR-378a-3p","6:G>A","diana_microt","ENSMUSG00000003847","Nfat5","ACTGGGCT","ACTGGACT",6,4,0,0,10
"mmu-miR-378a-3p","6:G>A","diana_microt","ENSMUSG00000034206","Polq","ACTGGGCT","ACTGGACT",5,5,0,0,10
"mmu-miR-378a-3p","6:G>A","diana_microt","ENSMUSG00000034206","Polq","ACTGGGCT","ACTGGACT",5,5,0,0,10
"mmu-miR-378a-3p","6:G>A","diana_microt","ENSMUSG00000032384","Csnk1g1","ACTGGGCT","ACTGGACT",7,2,0,0,9
"mmu-miR-706","7:G>A,17:G>A","diana_microt","ENSMUSG00000022708","Zbtb20","AGAGAAGC","AGAGAAAC",29,5,0,0,34
"mmu-miR-706","7:G>A,17:G>A","diana_microt","ENSMUSG00000096010","Hist4h4","AGAGAAGC","AGAGAAAC",18,1,0,0,19
"mmu-miR-706","7:G>A,17:G>A","diana_microt","ENSMUSG00000096010","Hist4h4","AGAGAAGC","AGAGAAAC",18,1,0,0,19
"mmu-miR-706","7:G>A,17:G>A","diana_microt","ENSMUSG00000096010","Hist4h4","AGAGAAGC","AGAGAAAC",18,1,0,0,19
"mmu-miR-706","7:G>A,17:G>A","diana_microt","ENSMUSG00000096010","Hist4h4","AGAGAAGC","AGAGAAAC",18,1,0,0,19
"mmu-let-7d-5p","7:G>A,13:C>T","diana_microt","ENSMUSG00000063972","Nr6a1","AGAGGTGG","AGAGGTAG",8,8,0,0,16
"mmu-let-7d-5p","3:G>A,4:A>G","diana_microt","ENSMUSG00000063972","Nr6a1","AGGAGTAG","AGAGGTAG",8,8,0,0,16
"mmu-let-7d-5p","3:G>A,12:A>G","diana_microt","ENSMUSG00000063972","Nr6a1","AGGGGTAG","AGAGGTAG",8,8,0,0,16
"mmu-let-7d-5p","7:G>A,13:C>T","diana_microt","ENSMUSG00000063972","Nr6a1","AGAGGTGG","AGAGGTAG",8,8,0,0,16
"mmu-let-7d-5p","3:G>A,4:A>G","diana_microt","ENSMUSG00000063972","Nr6a1","AGGAGTAG","AGAGGTAG",8,8,0,0,16
"mmu-miR-103-3p","6:G>C,23:T>A","diana_microt","ENSMUSG00000038696","Mapkap1","AGCAGGAT","AGCAGCAT",25,0,0,0,25
"mmu-miR-103-3p","6:G>C,23:T>A","diana_microt","ENSMUSG00000038696","Mapkap1","AGCAGGAT","AGCAGCAT",25,0,0,0,25
"mmu-miR-103-3p","6:G>C,23:T>A","diana_microt","ENSMUSG00000016664","Pacsin2","AGCAGGAT","AGCAGCAT",21,0,0,0,21
"mmu-miR-103-3p","6:G>C,23:T>A","targetscan","ENSMUSG00000026915","Strbp","AGCAGGAT","AGCAGCAT",16,2,0,0,18
"mmu-miR-103-3p","6:G>C,23:T>A","diana_microt","ENSMUSG00000026915","Strbp","AGCAGGAT","AGCAGCAT",16,2,0,0,18
"mmu-miR-12180-3p","4:G>A,15:T>C","mirdb","ENSMUSG00000018909","Arrb1","AGGGGCTG","AGGAGCTG",6,5,0,0,11
"mmu-miR-12180-3p","4:G>A,15:T>C","mirdb","ENSMUSG00000040724","Kcna2","AGGGGCTG","AGGAGCTG",6,4,0,0,10
"mmu-miR-12180-3p","4:G>A,15:T>C","mirdb","ENSMUSG00000044519","Zfp488","AGGGGCTG","AGGAGCTG",6,2,0,0,8
"mmu-miR-12180-3p","4:G>A,15:T>C","mirdb","ENSMUSG00000060550","H2-Q7","AGGGGCTG","AGGAGCTG",4,3,0,0,7
"mmu-miR-12180-3p","4:G>A,15:T>C","mirdb","ENSMUSG00000060550","H2-Q7","AGGGGCTG","AGGAGCTG",4,3,0,0,7
"mmu-miR-23a-3p","6:G>A","diana_microt","ENSMUSG00000066007","Zfp600","ATCACGTT","ATCACATT",12,10,0,0,22
"mmu-miR-23a-3p","6:G>A","diana_microt","ENSMUSG00000066007","Zfp600","ATCACGTT","ATCACATT",12,10,0,0,22
"mmu-miR-23a-3p","6:G>A","mirdb","ENSMUSG00000058186","Zfp980","ATCACGTT","ATCACATT",12,10,0,0,22
"mmu-miR-23a-3p","6:G>A","mirdb","ENSMUSG00000066007","Zfp600","ATCACGTT","ATCACATT",12,10,0,0,22
"mmu-miR-23a-3p","6:G>A","mirdb","ENSMUSG00000066007","Zfp600","ATCACGTT","ATCACATT",12,10,0,0,22
"mmu-miR-497a-5p","2:G>A,22:T>A","mirdb","ENSMUSG00000038696","Mapkap1","CGGCAGCA","CAGCAGCA",27,25,0,0,52
"mmu-miR-497a-5p","2:G>A,22:T>A","diana_microt","ENSMUSG00000038696","Mapkap1","CGGCAGCA","CAGCAGCA",27,25,0,0,52
"mmu-miR-497a-5p","2:G>A,22:T>A","mirdb","ENSMUSG00000038696","Mapkap1","CGGCAGCA","CAGCAGCA",27,25,0,0,52
"mmu-miR-497a-5p","2:G>A,22:T>A","diana_microt","ENSMUSG00000038696","Mapkap1","CGGCAGCA","CAGCAGCA",27,25,0,0,52
"mmu-miR-497a-5p","2:G>A,22:T>A","diana_microt","ENSMUSG00000016664","Pacsin2","CGGCAGCA","CAGCAGCA",21,20,0,0,41
"mmu-miR-142a-5p","2:G>A","diana_microt","ENSMUSG00000019841","Rev3l","CGTAAAGT","CATAAAGT",10,6,0,0,16
"mmu-miR-142a-5p","2:G>A","miranda","ENSMUSG00000019841","Rev3l","CGTAAAGT","CATAAAGT",10,6,0,0,16
"mmu-miR-142a-5p","2:G>A","miranda","ENSMUSG00000057715","A830018L16Rik","CGTAAAGT","CATAAAGT",11,4,0,0,15
"mmu-miR-142a-5p","2:G>A","mirdb","ENSMUSG00000057715","A830018L16Rik","CGTAAAGT","CATAAAGT",11,4,0,0,15
"mmu-miR-142a-5p","2:G>A","mirdb","ENSMUSG00000057715","A830018L16Rik","CGTAAAGT","CATAAAGT",11,4,0,0,15
"mmu-miR-532-5p","2:G>A","diana_microt","ENSMUSG00000068134","Zfp120","CGTGCCTT","CATGCCTT",8,5,0,0,13
"mmu-miR-532-5p","2:G>A","diana_microt","ENSMUSG00000038485","Socs7","CGTGCCTT","CATGCCTT",7,4,0,0,11
"mmu-miR-532-5p","2:G>A","diana_microt","ENSMUSG00000068134","Zfp120","CGTGCCTT","CATGCCTT",7,4,0,0,11
"mmu-miR-532-5p","2:G>A","diana_microt","ENSMUSG00000053617","Sh3pxd2a","CGTGCCTT","CATGCCTT",6,3,0,0,9
"mmu-miR-532-5p","2:G>A","diana_microt","ENSMUSG00000052372","Il1rapl1","CGTGCCTT","CATGCCTT",6,3,0,0,9
"mmu-miR-151-3p","3:G>A","diana_microt","ENSMUSG00000036698","Ago2","CTGGACTG","CTAGACTG",6,5,0,0,11
"mmu-miR-151-3p","3:G>A","mirdb","ENSMUSG00000036698","Ago2","CTGGACTG","CTAGACTG",6,5,0,0,11
"mmu-miR-151-3p","3:G>A","diana_microt","ENSMUSG00000041444","Arhgap32","CTGGACTG","CTAGACTG",7,2,0,0,9
"mmu-miR-151-3p","3:G>A","diana_microt","ENSMUSG00000024241","Sos1","CTGGACTG","CTAGACTG",4,3,0,0,7
"mmu-miR-151-3p","3:G>A","diana_microt","ENSMUSG00000050994","Adgb","CTGGACTG","CTAGACTG",4,3,0,0,7
"mmu-let-7d-3p","3:G>A","miranda","ENSMUSG00000021264","Yy1","CTGTACGA","CTATACGA",2,1,0,0,3
"mmu-let-7d-3p","3:G>A","miranda","ENSMUSG00000022306","Zfpm2","CTGTACGA","CTATACGA",2,1,0,0,3
"mmu-let-7d-3p","3:G>A","diana_microt","ENSMUSG00000036499","Eea1","CTGTACGA","CTATACGA",2,1,0,0,3
"mmu-let-7d-3p","3:G>A","miranda","ENSMUSG00000022306","Zfpm2","CTGTACGA","CTATACGA",2,1,0,0,3
"mmu-let-7d-3p","3:G>A","diana_microt","ENSMUSG00000032368","Zic1","CTGTACGA","CTATACGA",2,1,0,0,3
"mmu-miR-7238-3p","7:G>T,14:C>T","mirdb","ENSMUSG00000033306","Lpp","CTGTCCGT","CTGTCCTT",8,5,0,0,13
"mmu-miR-7238-3p","5:G>C,14:C>T","mirdb","ENSMUSG00000033306","Lpp","CTGTGCTT","CTGTCCTT",8,5,0,0,13
"mmu-miR-7238-3p","6:G>C,8:G>T","mirdb","ENSMUSG00000033306","Lpp","CTGTCGTG","CTGTCCTT",8,5,0,0,13
"mmu-miR-7238-3p","7:G>T,14:C>T","mirdb","ENSMUSG00000037996","Slc24a2","CTGTCCGT","CTGTCCTT",7,2,0,0,9
"mmu-miR-7238-3p","5:G>C,14:C>T","mirdb","ENSMUSG00000037996","Slc24a2","CTGTGCTT","CTGTCCTT",7,2,0,0,9
"mmu-miR-30a-3p","6:G>A,22:T>C","diana_microt","ENSMUSG00000044768","D1Ertd622e","CTTTCGGT","CTTTCAGT",25,12,0,0,37
"mmu-miR-30a-3p","6:G>A,22:T>C","mirdb","ENSMUSG00000044768","D1Ertd622e","CTTTCGGT","CTTTCAGT",25,12,0,0,37
"mmu-miR-30a-3p","6:G>A,22:T>C","miranda","ENSMUSG00000044768","D1Ertd622e","CTTTCGGT","CTTTCAGT",25,12,0,0,37
"mmu-miR-30a-3p","6:G>A,22:T>C","miranda","ENSMUSG00000044768","D1Ertd622e","CTTTCGGT","CTTTCAGT",25,12,0,0,37
"mmu-miR-30a-3p","6:G>A,22:T>C","diana_microt","ENSMUSG00000022708","Zbtb20","CTTTCGGT","CTTTCAGT",16,2,0,0,18
"mmu-miR-409-3p","3:G>A","diana_microt","ENSMUSG00000064115","Cadm2","GAGTGTTG","GAATGTTG",14,2,0,0,16
"mmu-miR-409-3p","3:G>A","diana_microt","ENSMUSG00000024511","Rab27b","GAGTGTTG","GAATGTTG",9,4,0,0,13
"mmu-miR-409-3p","3:G>A","diana_microt","ENSMUSG00000031467","Agpat5","GAGTGTTG","GAATGTTG",10,2,0,0,12
"mmu-miR-409-3p","3:G>A","diana_microt","ENSMUSG00000027797","Dclk1","GAGTGTTG","GAATGTTG",8,4,0,0,12
"mmu-miR-409-3p","3:G>A","diana_microt","ENSMUSG00000027797","Dclk1","GAGTGTTG","GAATGTTG",8,4,0,0,12
"mmu-miR-3473b","4:G>C,7:T>G","mirdb","ENSMUSG00000057230","Aak1","GGGGTGTA","GGGCTGGA",13,6,0,0,19
"mmu-miR-3473b","4:G>C,7:T>G","diana_microt","ENSMUSG00000055053","Nfic","GGGGTGTA","GGGCTGGA",15,3,0,0,18
"mmu-miR-3473b","4:G>C,7:T>G","mirdb","ENSMUSG00000028664","Ephb2","GGGGTGTA","GGGCTGGA",16,2,0,0,18
"mmu-miR-3473b","4:G>C,7:T>G","diana_microt","ENSMUSG00000028664","Ephb2","GGGGTGTA","GGGCTGGA",16,2,0,0,18
"mmu-miR-3473b","4:G>C,7:T>G","diana_microt","ENSMUSG00000025158","Rfng","GGGGTGTA","GGGCTGGA",16,2,0,0,18
"mmu-miR-1971","3:G>A,15:T>G","miranda","ENSMUSG00000044768","D1Ertd622e","GTGAAGGC","GTAAAGGC",17,3,0,0,20
"mmu-miR-1971","4:G>A,15:T>G","miranda","ENSMUSG00000044768","D1Ertd622e","GTAGAGGC","GTAAAGGC",17,3,0,0,20
"mmu-miR-1971","3:G>A,15:T>G","diana_microt","ENSMUSG00000090659","Zfp493","GTGAAGGC","GTAAAGGC",7,5,0,0,12
"mmu-miR-1971","4:G>A,15:T>G","diana_microt","ENSMUSG00000090659","Zfp493","GTAGAGGC","GTAAAGGC",7,5,0,0,12
"mmu-miR-1971","3:G>A,15:T>G","miranda","ENSMUSG00000090659","Zfp493","GTGAAGGC","GTAAAGGC",7,5,0,0,12
"mmu-miR-145a-5p","5:G>A","diana_microt","ENSMUSG00000022708","Zbtb20","GTCCGGTT","GTCCAGTT",13,7,0,0,20
"mmu-miR-145a-5p","5:G>A","diana_microt","ENSMUSG00000024913","Lrp5","GTCCGGTT","GTCCAGTT",14,0,0,0,14
"mmu-miR-145a-5p","5:G>A","diana_microt","ENSMUSG00000014767","Tbp","GTCCGGTT","GTCCAGTT",8,3,0,0,11
"mmu-miR-145a-5p","5:G>A","targetscan","ENSMUSG00000030386","Zfp606","GTCCGGTT","GTCCAGTT",8,3,0,0,11
"mmu-miR-145a-5p","5:G>A","diana_microt","ENSMUSG00000030386","Zfp606","GTCCGGTT","GTCCAGTT",8,3,0,0,11
"mmu-miR-24-2-5p","7:G>A,22:A>T","miranda","ENSMUSG00000030265","Kras","GTGCCTGC","GTGCCTAC",6,4,0,0,10
"mmu-miR-24-2-5p","7:G>A,22:A>T","miranda","ENSMUSG00000030265","Kras","GTGCCTGC","GTGCCTAC",6,4,0,0,10
"mmu-miR-24-2-5p","7:G>A,22:A>T","diana_microt","ENSMUSG00000030265","Kras","GTGCCTGC","GTGCCTAC",6,4,0,0,10
"mmu-miR-24-2-5p","7:G>A,22:A>T","mirdb","ENSMUSG00000030265","Kras","GTGCCTGC","GTGCCTAC",6,4,0,0,10
"mmu-miR-24-2-5p","7:G>A,22:A>T","diana_microt","ENSMUSG00000028358","Zfp618","GTGCCTGC","GTGCCTAC",5,2,0,0,7
"mmu-miR-144-3p","7:G>A","diana_microt","ENSMUSG00000027669","Gnb4","TACAGTGT","TACAGTAT",8,5,4,2,19
"mmu-miR-144-3p","7:G>A","diana_microt","ENSMUSG00000043467","Zbtb37","TACAGTGT","TACAGTAT",11,3,2,2,18
"mmu-miR-144-3p","7:G>A","diana_microt","ENSMUSG00000068134","Zfp120","TACAGTGT","TACAGTAT",5,3,5,3,16
"mmu-miR-144-3p","7:G>A","diana_microt","ENSMUSG00000068134","Zfp120","TACAGTGT","TACAGTAT",5,3,5,3,16
"mmu-miR-144-3p","7:G>A","diana_microt","ENSMUSG00000009470","Tnpo1","TACAGTGT","TACAGTAT",7,4,3,1,15
"mmu-miR-140-3p","7:G>A,12:G>A","mirdb","ENSMUSG00000096718","Zfp781","TACCACGG","TACCACAG",16,1,14,1,32
"mmu-miR-140-3p","7:G>A,12:G>A","mirdb","ENSMUSG00000096718","Zfp781","TACCACGG","TACCACAG",16,1,14,1,32
"mmu-miR-140-3p","7:G>A,12:G>A","diana_microt","ENSMUSG00000078901","Gm14440","TACCACGG","TACCACAG",15,1,14,1,31
"mmu-miR-140-3p","7:G>A,12:G>A","mirdb","ENSMUSG00000078901","Gm14440","TACCACGG","TACCACAG",15,1,14,1,31
"mmu-miR-140-3p","7:G>A,12:G>A","diana_microt","ENSMUSG00000078889","Gm14288","TACCACGG","TACCACAG",15,1,14,1,31
"mmu-miR-29a-3p","5:G>A","mirdb","ENSMUSG00000034275","Igsf9b","TAGCGCCA","TAGCACCA",17,8,3,1,29
"mmu-miR-29a-3p","2:G>A","mirdb","ENSMUSG00000034275","Igsf9b","TGGCACCA","TAGCACCA",17,8,3,1,29
"mmu-miR-29a-3p","5:G>A","mirdb","ENSMUSG00000034832","Tet3","TAGCGCCA","TAGCACCA",15,8,4,2,29
"mmu-miR-29a-3p","2:G>A","mirdb","ENSMUSG00000034832","Tet3","TGGCACCA","TAGCACCA",15,8,4,2,29
"mmu-miR-29a-3p","5:G>A","targetscan","ENSMUSG00000034832","Tet3","TAGCGCCA","TAGCACCA",15,8,4,2,29
"mmu-miR-15b-5p","5:G>A","mirdb","ENSMUSG00000038696","Mapkap1","TAGCGGCA","TAGCAGCA",27,25,1,1,54
"mmu-miR-15b-5p","5:G>A","diana_microt","ENSMUSG00000038696","Mapkap1","TAGCGGCA","TAGCAGCA",27,25,1,1,54
"mmu-miR-15b-5p","5:G>A","mirdb","ENSMUSG00000038696","Mapkap1","TAGCGGCA","TAGCAGCA",27,25,1,1,54
"mmu-miR-15b-5p","5:G>A","diana_microt","ENSMUSG00000038696","Mapkap1","TAGCGGCA","TAGCAGCA",27,25,1,1,54
"mmu-miR-16-5p","3:A>G,5:G>A","mirdb","ENSMUSG00000038696","Mapkap1","TAACGGCA","TAGCAGCA",27,25,1,1,54
"mmu-miR-196a-5p","2:G>A,8:C>T","mirdb","ENSMUSG00000043631","Ecm2","TGGGTAGC","TAGGTAGT",10,0,8,0,18
"mmu-miR-196a-5p","2:G>A,8:C>T","targetscan","ENSMUSG00000038236","Hoxa7","TGGGTAGC","TAGGTAGT",6,4,4,4,18
"mmu-miR-196a-5p","2:G>A,8:C>T","targetscan","ENSMUSG00000038236","Hoxa7","TGGGTAGC","TAGGTAGT",6,4,4,4,18
"mmu-miR-196a-5p","2:G>A,8:C>T","targetscan","ENSMUSG00000038236","Hoxa7","TGGGTAGC","TAGGTAGT",6,4,4,4,18
"mmu-miR-196a-5p","2:G>A,8:C>T","diana_microt","ENSMUSG00000043631","Ecm2","TGGGTAGC","TAGGTAGT",10,0,8,0,18
"mmu-miR-5624-5p","1:A>T,7:G>A","diana_microt","ENSMUSG00000019775","Rgs17","AATTGTGA","TATTGTAA",7,4,4,3,18
"mmu-miR-5624-5p","1:A>T,7:G>A","mirdb","ENSMUSG00000019775","Rgs17","AATTGTGA","TATTGTAA",7,4,4,3,18
"mmu-miR-5624-5p","1:A>T,7:G>A","diana_microt","ENSMUSG00000024294","Mib1","AATTGTGA","TATTGTAA",6,4,3,2,15
"mmu-miR-5624-5p","1:A>T,7:G>A","diana_microt","ENSMUSG00000044647","Csrnp3","AATTGTGA","TATTGTAA",8,4,3,0,15
"mmu-miR-5624-5p","1:A>T,7:G>A","diana_microt","ENSMUSG00000022995","Enah","AATTGTGA","TATTGTAA",9,2,2,0,13
"mmu-miR-3470b","4:G>C,16:A>G","diana_microt","ENSMUSG00000033004","Mycbp2","TCAGTCTG","TCACTCTG",10,3,8,3,24
"mmu-miR-3470b","4:G>C,16:A>G","diana_microt","ENSMUSG00000042129","Rassf4","TCAGTCTG","TCACTCTG",7,6,3,2,18
"mmu-miR-3470b","4:G>C,16:A>G","diana_microt","ENSMUSG00000049134","Nrap","TCAGTCTG","TCACTCTG",5,4,4,4,17
"mmu-miR-3470b","4:G>C,16:A>G","diana_microt","ENSMUSG00000034636","Zyg11b","TCAGTCTG","TCACTCTG",8,3,4,2,17
"mmu-miR-3470b","4:G>C,16:A>G","mirdb","ENSMUSG00000034636","Zyg11b","TCAGTCTG","TCACTCTG",8,3,4,2,17
"mmu-miR-338-3p","7:G>A","mirdb","ENSMUSG00000008461","Fut1","TCCAGCGT","TCCAGCAT",9,5,9,5,28
"mmu-miR-338-3p","7:G>A","diana_microt","ENSMUSG00000008461","Fut1","TCCAGCGT","TCCAGCAT",9,5,9,5,28
"mmu-miR-338-3p","7:G>A","diana_microt","ENSMUSG00000055632","Hmcn2","TCCAGCGT","TCCAGCAT",16,7,3,1,27
"mmu-miR-338-3p","7:G>A","diana_microt","ENSMUSG00000042197","Zfp451","TCCAGCGT","TCCAGCAT",13,3,5,1,22
"mmu-miR-338-3p","7:G>A","diana_microt","ENSMUSG00000002319","Ipo4","TCCAGCGT","TCCAGCAT",8,4,5,3,20
"mmu-miR-125b-5p","3:G>C,7:C>A","mirdb","ENSMUSG00000048108","Tmem72","TCGCTGCG","TCCCTGAG",13,4,3,0,20
"mmu-miR-125b-5p","3:G>C,7:C>A","diana_microt","ENSMUSG00000048108","Tmem72","TCGCTGCG","TCCCTGAG",13,4,3,0,20
"mmu-miR-125b-5p","3:G>C,7:C>A","targetscan","ENSMUSG00000019564","Arid3a","TCGCTGCG","TCCCTGAG",8,6,3,2,19
"mmu-miR-125b-5p","3:G>C,7:C>A","mirdb","ENSMUSG00000019564","Arid3a","TCGCTGCG","TCCCTGAG",8,6,3,2,19
"mmu-miR-125b-5p","3:G>C,7:C>A","mirdb","ENSMUSG00000019564","Arid3a","TCGCTGCG","TCCCTGAG",8,6,3,2,19
"mmu-miR-126a-3p","1:A>T,5:G>A","mirdb","ENSMUSG00000026933","Camsap1","ACGTGCCG","TCGTACCG",3,0,2,0,5
"mmu-miR-126a-3p","1:A>T,5:G>A","diana_microt","ENSMUSG00000026933","Camsap1","ACGTGCCG","TCGTACCG",3,0,2,0,5
"mmu-miR-126a-3p","1:A>T,5:G>A","miranda","ENSMUSG00000033998","Kcnk1","ACGTGCCG","TCGTACCG",1,1,1,1,4
"mmu-miR-126a-3p","1:A>T,5:G>A","mirdb","ENSMUSG00000032290","Ptpn9","ACGTGCCG","TCGTACCG",1,1,1,1,4
"mmu-miR-126a-3p","1:A>T,5:G>A","diana_microt","ENSMUSG00000039086","Ss18l1","ACGTGCCG","TCGTACCG",1,1,1,1,4
"mmu-miR-146a-5p","5:G>A","miranda","ENSMUSG00000020255","D10Wsu102e","TGAGGACT","TGAGAACT",25,6,9,1,41
"mmu-miR-146a-5p","5:G>A","mirdb","ENSMUSG00000027164","Traf6","TGAGGACT","TGAGAACT",4,4,4,4,16
"mmu-miR-146a-5p","5:G>A","mirdb","ENSMUSG00000027164","Traf6","TGAGGACT","TGAGAACT",4,4,4,4,16
"mmu-miR-146a-5p","5:G>A","diana_microt","ENSMUSG00000027164","Traf6","TGAGGACT","TGAGAACT",4,4,4,4,16
"mmu-miR-146a-5p","5:G>A","diana_microt","ENSMUSG00000003847","Nfat5","TGAGGACT","TGAGAACT",8,3,3,1,15
"mmu-miR-143-3p","3:G>A,4:A>G","diana_microt","ENSMUSG00000022708","Zbtb20","TGGAATGA","TGAGATGA",11,4,5,2,22
"mmu-miR-143-3p","5:G>A,17:G>A","diana_microt","ENSMUSG00000022708","Zbtb20","TGAGGTGA","TGAGATGA",11,4,5,2,22
"mmu-miR-143-3p","5:G>A,20:C>T","diana_microt","ENSMUSG00000022708","Zbtb20","TGAGGTGA","TGAGATGA",11,4,5,2,22
"mmu-miR-143-3p","5:G>A,9:G>A","diana_microt","ENSMUSG00000022708","Zbtb20","TGAGGTGA","TGAGATGA",11,4,5,2,22
"mmu-miR-143-3p","3:G>A,4:A>G","diana_microt","ENSMUSG00000026275","Ppp1r7","TGGAATGA","TGAGATGA",10,3,3,2,18
"mmu-let-7b-5p","3:G>A,4:C>G","diana_microt","ENSMUSG00000031442","Mcf2l","TGGCGTAG","TGAGGTAG",7,7,7,7,28
"mmu-let-7b-5p","2:A>G,3:G>A","diana_microt","ENSMUSG00000031442","Mcf2l","TAGGGTAG","TGAGGTAG",7,7,7,7,28
"mmu-let-7b-5p","3:G>A,10:G>A","diana_microt","ENSMUSG00000031442","Mcf2l","TGGGGTAG","TGAGGTAG",7,7,7,7,28
"mmu-let-7c-5p","3:G>A,4:A>G","diana_microt","ENSMUSG00000031442","Mcf2l","TGGAGTAG","TGAGGTAG",7,7,7,7,28
"mmu-let-7c-5p","6:G>T,22:A>T","diana_microt","ENSMUSG00000031442","Mcf2l","TGAGGGAG","TGAGGTAG",7,7,7,7,28
"mmu-miR-7a-5p","4:G>A","diana_microt","ENSMUSG00000026303","Mlph","TGGGAGAC","TGGAAGAC",26,3,3,1,33
"mmu-miR-7a-5p","4:G>A","diana_microt","ENSMUSG00000074607","Tox2","TGGGAGAC","TGGAAGAC",31,0,0,0,31
"mmu-miR-7a-5p","4:G>A","diana_microt","ENSMUSG00000061536","Sec22c","TGGGAGAC","TGGAAGAC",25,0,1,0,26
"mmu-miR-7a-5p","4:G>A","diana_microt","ENSMUSG00000036913","Trim67","TGGGAGAC","TGGAAGAC",20,2,1,0,23
"mmu-miR-7a-5p","4:G>A","mirdb","ENSMUSG00000038013","Wipf2","TGGGAGAC","TGGAAGAC",10,5,4,2,21
"mmu-miR-1a-3p","6:G>T,20:C>T","targetscan","ENSMUSG00000048070","Pirt","TGGAAGGT","TGGAATGT",7,4,3,2,16
"mmu-miR-1a-3p","2:T>G,5:G>A","targetscan","ENSMUSG00000048070","Pirt","TTGAGTGT","TGGAATGT",7,4,3,2,16
"mmu-miR-1a-3p","5:G>A,7:T>G","targetscan","ENSMUSG00000048070","Pirt","TGGAGTTT","TGGAATGT",7,4,3,2,16
"mmu-miR-1a-3p","1:A>T,4:G>A","targetscan","ENSMUSG00000048070","Pirt","AGGGATGT","TGGAATGT",7,4,3,2,16
"mmu-miR-1a-3p","5:G>A,18:A>T","targetscan","ENSMUSG00000048070","Pirt","TGGAGTGT","TGGAATGT",7,4,3,2,16
"mmu-miR-139-3p","6:G>A","diana_microt","ENSMUSG00000018920","Cxcl16","TGGAGGCG","TGGAGACG",13,1,9,1,24
"mmu-miR-139-3p","6:G>A","mirdb","ENSMUSG00000018920","Cxcl16","TGGAGGCG","TGGAGACG",13,1,9,1,24
"mmu-miR-139-3p","6:G>A","mirdb","ENSMUSG00000048108","Tmem72","TGGAGGCG","TGGAGACG",11,1,6,1,19
"mmu-miR-139-3p","6:G>A","diana_microt","ENSMUSG00000048108","Tmem72","TGGAGGCG","TGGAGACG",11,1,6,1,19
"mmu-miR-139-3p","6:G>A","diana_microt","ENSMUSG00000053617","Sh3pxd2a","TGGAGGCG","TGGAGACG",7,3,4,3,17
"mmu-miR-3473a","4:G>A,18:C>A","diana_microt","ENSMUSG00000025427","Rnf165","TGGGGAGA","TGGAGAGA",25,23,0,0,48
"mmu-miR-3473a","4:G>A,18:C>A","mirdb","ENSMUSG00000025427","Rnf165","TGGGGAGA","TGGAGAGA",25,23,0,0,48
"mmu-miR-3473a","4:G>A,18:C>A","mirdb","ENSMUSG00000062866","Phactr2","TGGGGAGA","TGGAGAGA",17,14,1,0,32
"mmu-miR-3473a","4:G>A,18:C>A","diana_microt","ENSMUSG00000062866","Phactr2","TGGGGAGA","TGGAGAGA",17,14,1,0,32
"mmu-miR-3473a","4:G>A,18:C>A","mirdb","ENSMUSG00000055013","Agap1","TGGGGAGA","TGGAGAGA",12,5,7,4,28
"mmu-miR-122-5p","6:G>T","diana_microt","ENSMUSG00000049871","Nlrc3","TGGAGGGT","TGGAGTGT",8,8,0,0,16
"mmu-miR-122-5p","4:G>A,22:T>G","diana_microt","ENSMUSG00000049871","Nlrc3","TGGGGTGT","TGGAGTGT",8,8,0,0,16
"mmu-miR-122-5p","6:G>T","diana_microt","ENSMUSG00000049871","Nlrc3","TGGAGGGT","TGGAGTGT",8,8,0,0,16
"mmu-miR-122-5p","4:G>A,22:T>G","diana_microt","ENSMUSG00000049871","Nlrc3","TGGGGTGT","TGGAGTGT",8,8,0,0,16
"mmu-miR-122-5p","6:G>T","mirdb","ENSMUSG00000061411","Nol4l","TGGAGGGT","TGGAGTGT",5,3,3,2,13
"mmu-miR-24-3p","4:G>C","mirdb","ENSMUSG00000031748","Gnao1","TGGGTCAG","TGGCTCAG",13,11,2,0,26
"mmu-miR-24-3p","7:G>A,21:G>A","mirdb","ENSMUSG00000031748","Gnao1","TGGCTCGG","TGGCTCAG",13,11,2,0,26
"mmu-miR-24-3p","5:G>T","mirdb","ENSMUSG00000031748","Gnao1","TGGCGCAG","TGGCTCAG",13,11,2,0,26
"mmu-miR-24-3p","4:G>C","diana_microt","ENSMUSG00000054517","Trim65","TGGGTCAG","TGGCTCAG",12,0,11,0,23
"mmu-miR-24-3p","7:G>A,21:G>A","diana_microt","ENSMUSG00000054517","Trim65","TGGCTCGG","TGGCTCAG",12,0,11,0,23
"mmu-miR-30a-5p","6:G>A","diana_microt","ENSMUSG00000020255","D10Wsu102e","TGTAAGCA","TGTAAACA",27,18,11,7,63
"mmu-miR-30a-5p","6:G>A,22:T>G","diana_microt","ENSMUSG00000020255","D10Wsu102e","TGTAAGCA","TGTAAACA",27,18,11,7,63
"mmu-miR-30a-5p","6:G>A","miranda","ENSMUSG00000020255","D10Wsu102e","TGTAAGCA","TGTAAACA",27,18,11,7,63
"mmu-miR-30a-5p","6:G>A,22:T>G","miranda","ENSMUSG00000020255","D10Wsu102e","TGTAAGCA","TGTAAACA",27,18,11,7,63
"mmu-miR-30a-5p","6:G>A","diana_microt","ENSMUSG00000038567","Cyp24a1","TGTAAGCA","TGTAAACA",5,5,4,4,18
"mmu-miR-19b-3p","6:G>A,23:T>A","diana_microt","ENSMUSG00000032238","Rora","TGTGCGAA","TGTGCAAA",7,5,5,3,20
"mmu-miR-19b-3p","6:G>A,23:T>A","diana_microt","ENSMUSG00000091594","Gm17067","TGTGCGAA","TGTGCAAA",5,5,5,5,20
"mmu-miR-19b-3p","6:G>A,23:T>A","mirdb","ENSMUSG00000032238","Rora","TGTGCGAA","TGTGCAAA",7,5,5,3,20
"mmu-miR-19b-3p","6:G>A,23:T>A","mirdb","ENSMUSG00000032238","Rora","TGTGCGAA","TGTGCAAA",7,5,5,3,20
"mmu-miR-19b-3p","6:G>A,23:T>A","mirdb","ENSMUSG00000047888","Tnrc6b","TGTGCGAA","TGTGCAAA",7,4,4,3,18
"mmu-miR-340-5p","3:G>A","diana_microt","ENSMUSG00000051727","Kctd14","TTGTAAAG","TTATAAAG",13,13,13,13,52
"mmu-miR-340-5p","3:G>A","mirdb","ENSMUSG00000051727","Kctd14","TTGTAAAG","TTATAAAG",13,13,13,13,52
"mmu-miR-340-5p","3:G>A","mirdb","ENSMUSG00000051727","Kctd14","TTGTAAAG","TTATAAAG",13,13,13,13,52
"mmu-miR-340-5p","3:G>A","mirdb","ENSMUSG00000051727","Kctd14","TTGTAAAG","TTATAAAG",13,13,13,13,52
"mmu-miR-340-5p","3:G>A","diana_microt","ENSMUSG00000051727","Kctd14","TTGTAAAG","TTATAAAG",13,13,13,13,52
"mmu-miR-361-5p","6:G>A,22:T>C","diana_microt","ENSMUSG00000018846","Pank3","TTATCGGA","TTATCAGA",6,3,4,2,15
"mmu-miR-361-5p","6:G>A,22:T>C","mirdb","ENSMUSG00000018846","Pank3","TTATCGGA","TTATCAGA",6,3,4,2,15
"mmu-miR-361-5p","6:G>A,22:T>C","diana_microt","ENSMUSG00000073664","Nbeal1","TTATCGGA","TTATCAGA",5,3,3,2,13
"mmu-miR-361-5p","6:G>A,22:T>C","mirdb","ENSMUSG00000034724","Cnot6l","TTATCGGA","TTATCAGA",4,3,3,3,13
"mmu-miR-361-5p","6:G>A,22:T>C","diana_microt","ENSMUSG00000057230","Aak1","TTATCGGA","TTATCAGA",6,2,4,1,13
"mmu-miR-26a-5p","4:G>A,22:G>T","diana_microt","ENSMUSG00000036371","Serbp1","TTCGAGTA","TTCAAGTA",12,4,7,3,26
"mmu-miR-26a-5p","4:G>A,22:A>T","diana_microt","ENSMUSG00000036371","Serbp1","TTCGAGTA","TTCAAGTA",12,4,7,3,26
"mmu-miR-26a-5p","4:G>A,15:T>G","diana_microt","ENSMUSG00000036371","Serbp1","TTCGAGTA","TTCAAGTA",12,4,7,3,26
"mmu-miR-26a-5p","4:G>A,22:G>T","mirdb","ENSMUSG00000036371","Serbp1","TTCGAGTA","TTCAAGTA",12,4,7,3,26
"mmu-miR-26a-5p","4:G>A,22:A>T","mirdb","ENSMUSG00000036371","Serbp1","TTCGAGTA","TTCAAGTA",12,4,7,3,26
"mmu-miR-133a-3p","1:C>T,2:G>T","mirdb","ENSMUSG00000038766","Gabpb2","CGTGGTCC","TTTGGTCC",5,4,4,3,16
"mmu-miR-133a-3p","1:C>T,2:G>T","mirdb","ENSMUSG00000038766","Gabpb2","CGTGGTCC","TTTGGTCC",5,4,4,3,16
"mmu-miR-133a-3p","1:C>T,2:G>T","diana_microt","ENSMUSG00000038766","Gabpb2","CGTGGTCC","TTTGGTCC",5,4,4,3,16
"mmu-miR-133a-3p","1:C>T,2:G>T","mirdb","ENSMUSG00000038766","Gabpb2","CGTGGTCC","TTTGGTCC",5,4,4,3,16
"mmu-miR-133a-3p","1:C>T,2:G>T","mirdb","ENSMUSG00000038766","Gabpb2","CGTGGTCC","TTTGGTCC",5,4,4,3,16
